sample	study_id	gene	cn	group	Main_consequence_VEP	Variant_Type	HGVSp_Short	VAF_tum
PD62042a	17CPA	APC	LOH-del	Progressor	frameshift_variant	INS	p.T1556Nfs*3	0.457
PD62042c	17CPB	APC	LOH-del	Progressor	frameshift_variant	INS	p.T1556Nfs*3	0.4
PD62046a	21CPA	APC	LOH-del	Progressor	frameshift_variant	DEL	p.E1464Vfs*8	0.607
PD62046c	21CPB	APC	LOH-del	Progressor	frameshift_variant	DEL	p.E1464Vfs*8	0.143
PD62048a	24CPB-1	APC	cn-LOH	Progressor	frameshift_variant	INS	p.T1556Nfs*3	0.5
PD62049a	25CPB	APC	LOH-del	Progressor	frameshift_variant	DEL	p.K1561Rfs*4	0.24
PD62066a	16CNPA	APC	LOH-del	Non-progressor	frameshift_variant	DEL	p.S1465Wfs*3	0.5
PD62066c	16CNPB	APC	LOH-del	Non-progressor	frameshift_variant	DEL	p.S1465Wfs*3	0.51
PD62067c	17CNPB	APC	cn-LOH	Non-progressor	frameshift_variant	INS	p.T1556Nfs*3	0.517
PD62084a	36CNPA	APC	cn-LOH	Non-progressor	frameshift_variant	DEL	p.E1309Kfs*12	0.473
PD62049a	25CPB	APC	LOH-del	Progressor	missense_variant	SNP	p.E1560A	0.44
PD62034a	9CPA	APC	cn-LOH	Progressor	stop_gained	SNP	p.Q1378*	0.77
PD62034c	9CPB	APC	cn-LOH	Progressor	stop_gained	SNP	p.Q1378*	0.85
PD62036c	11CPB	APC	LOH-del	Progressor	stop_gained	SNP	p.R1450*	0.37
PD62047a	22CPA	APC	cn-LOH	Progressor	stop_gained	SNP	p.E1306*	0.61
PD62060a	10CNPA	APC	LOH-del	Non-progressor	stop_gained	SNP	p.R1450*	0.55
PD62060c	10CNPB	APC	LOH-del	Non-progressor	stop_gained	SNP	p.R1450*	0.32
PD62066a	16CNPA	APC	LOH-del	Non-progressor	stop_gained	SNP	p.R1450*	0.12
PD62037d	12CPC	APC	cn-LOH	Progressor	NA	NA	NA	NA
PD62037e	12CPD	APC	cn-LOH	Progressor	NA	NA	NA	NA
PD62038c	13CPB	APC	LOH-del	Progressor	NA	NA	NA	NA
PD62038d	13CPC	APC	LOH-del	Progressor	NA	NA	NA	NA
PD62039a	14CPA	APC	LOH-del	Progressor	NA	NA	NA	NA
PD62039c	14CPB	APC	LOH-del	Progressor	NA	NA	NA	NA
PD62041a	16CPA	APC	LOH-del	Progressor	NA	NA	NA	NA
PD62041d	16CPC	APC	LOH-del	Progressor	NA	NA	NA	NA
PD62051a	27CPA-1	APC	LOH-del	Progressor	NA	NA	NA	NA
PD62051c	27CPA-2	APC	LOH-del	Progressor	NA	NA	NA	NA
PD62028c	3CPB	TP53	cn-LOH	Progressor	frameshift_variant	DEL	p.K373Rfs*49	0.646
PD62037d	12CPC	TP53	LOH-del	Progressor	frameshift_variant	INS	p.F341Efs*7	0.579
PD62037e	12CPD	TP53	LOH-del	Progressor	frameshift_variant	INS	p.F341Efs*7	0.379
PD62040c	15CPB	TP53	LOH-del	Progressor	frameshift_variant	DEL	p.R156Afs*14	0.119
PD62041d	16CPC	TP53	LOH-del	Progressor	frameshift_variant	DEL	p.C242Afs*5	0.597
PD62034c	9CPB	TP53	LOH-del	Progressor	missense_variant	SNP	p.R175H	0.5
PD62036c	11CPB	TP53	LOH-del	Progressor	missense_variant	SNP	p.R248P	0.45
PD62039a	14CPA	TP53	cn-LOH	Progressor	missense_variant	SNP	p.Y234C	0.88
PD62039c	14CPB	TP53	LOH-del	Progressor	missense_variant	SNP	p.Y234C	0.6
PD62041a	16CPA	TP53	LOH-del	Progressor	missense_variant	SNP	p.H179Q	0.63
PD62042a	17CPA	TP53	cn-LOH	Progressor	missense_variant	SNP	p.C238F	0.68
PD62042c	17CPB	TP53	cn-LOH	Progressor	missense_variant	SNP	p.C238F	0.62
PD62043a	18CPA	TP53	LOH-del	Progressor	missense_variant	SNP	p.P278S	0.25
PD62046a	21CPA	TP53	cn-LOH	Progressor	missense_variant	SNP	p.V173M	0.73
PD62049a	25CPB	TP53	cn-LOH	Progressor	missense_variant	SNP	p.R273H	0.63
PD62047h	22CPI	TP53	LOH-del	Progressor	splice_donor_variant	SNP	-	0.87
PD62030a	5CPA	TP53	cn-LOH	Progressor	stop_gained	SNP	p.R306*	0.27
PD62051a	27CPA-1	TP53	LOH-amp	Progressor	stop_gained	SNP	p.R342*	0.45
PD62051c	27CPA-2	TP53	cn-LOH	Progressor	stop_gained	SNP	p.R342*	0.65
PD62027a	2CPA	TP53	LOH-del	Progressor	NA	NA	NA	NA
PD62038a	13CPA	TP53	LOH-del	Progressor	NA	NA	NA	NA
PD62038c	13CPB	TP53	LOH-del	Progressor	NA	NA	NA	NA
PD62038d	13CPC	TP53	LOH-del	Progressor	NA	NA	NA	NA
PD62060a	10CNPA	TP53	LOH-del	Non-progressor	NA	NA	NA	NA
PD62060c	10CNPB	TP53	LOH-del	Non-progressor	NA	NA	NA	NA
PD62075a	26CNPA	TP53	LOH-del	Non-progressor	NA	NA	NA	NA
PD62075d	26CNPC	TP53	LOH-del	Non-progressor	NA	NA	NA	NA
