sample	gene	cn	Main_consequence_VEP	Variant_Type	HGVSp_Short	VAF_tum
PD62042a	APC	LOH-del	frameshift_variant	INS	p.T1556Nfs*3	0.457
PD62042c	APC	LOH-del	frameshift_variant	INS	p.T1556Nfs*3	0.4
PD62046a	APC	LOH-del	frameshift_variant	DEL	p.E1464Vfs*8	0.607
PD62046c	APC	LOH-del	frameshift_variant	DEL	p.E1464Vfs*8	0.143
PD62048a	APC	cn-LOH	frameshift_variant	INS	p.T1556Nfs*3	0.5
PD62048c	APC	cn-LOH	frameshift_variant	INS	p.T1556Nfs*3	0.462
PD62049a	APC	LOH-del	frameshift_variant	DEL	p.K1561Rfs*4	0.24
PD62066a	APC	LOH-del	frameshift_variant	DEL	p.S1465Wfs*3	0.5
PD62066c	APC	LOH-del	frameshift_variant	DEL	p.S1465Wfs*3	0.51
PD62067c	APC	cn-LOH	frameshift_variant	INS	p.T1556Nfs*3	0.517
PD62081c	APC	cn-LOH	frameshift_variant	INS	p.T1556Nfs*3	0.623
PD62084a	APC	cn-LOH	frameshift_variant	DEL	p.E1309Kfs*12	0.473
PD62049a	APC	LOH-del	missense_variant	SNP	p.E1560A	0.44
PD62034a	APC	cn-LOH	stop_gained	SNP	p.Q1378*	0.77
PD62034c	APC	cn-LOH	stop_gained	SNP	p.Q1378*	0.85
PD62036c	APC	LOH-del	stop_gained	SNP	p.R1450*	0.37
PD62047a	APC	cn-LOH	stop_gained	SNP	p.E1306*	0.61
PD62060a	APC	LOH-del	stop_gained	SNP	p.R1450*	0.55
PD62060c	APC	LOH-del	stop_gained	SNP	p.R1450*	0.32
PD62066a	APC	LOH-del	stop_gained	SNP	p.R1450*	0.12
PD62037d	APC	cn-LOH	NA	NA	NA	NA
PD62037e	APC	cn-LOH	NA	NA	NA	NA
PD62038c	APC	LOH-del	NA	NA	NA	NA
PD62038d	APC	LOH-del	NA	NA	NA	NA
PD62039a	APC	LOH-del	NA	NA	NA	NA
PD62039c	APC	LOH-del	NA	NA	NA	NA
PD62041a	APC	LOH-del	NA	NA	NA	NA
PD62041d	APC	LOH-del	NA	NA	NA	NA
PD62051a	APC	LOH-del	NA	NA	NA	NA
PD62051c	APC	LOH-del	NA	NA	NA	NA
PD62068c	APC	LOH-del	NA	NA	NA	NA
PD62068d	APC	LOH-del	NA	NA	NA	NA
