sample	overlap	segsize	chr	seg_start	seg_end	gene	cn	a	b	ploidy	difficult_frac
PD62027a	full	181120668	5	140238	181260906	APC	neutral	1	1	2.01131838920849	0.1885657
PD62027a	full	577845	17	7246140	7823985	TP53	LOH-del	1	0	2.01131838920849	0.2088449
PD62027c	full	181120668	5	140238	181260906	APC	neutral	1	1	2.05189934269083	0.1885657
PD62027c	full	7992641	17	156162	8148803	TP53	neutral	1	1	2.05189934269083	0.2014359
PD62028c	full	130861692	5	50399214	181260906	APC	loss	1	1	3.19409069832143	0.1631420
PD62028c	full	82979729	17	156162	83135891	TP53	cn-LOH	3	0	3.19409069832143	0.2670608
PD62029c	full	141235455	5	140238	141375693	APC	neutral	2	2	4.49211857502261	0.2014478
PD62029c	full	21058116	17	156162	21214278	TP53	neutral	2	2	4.49211857502261	0.2342475
PD62029d	full	181120668	5	140238	181260906	APC	neutral	1	1	2.3592043702697	0.1885657
PD62029d	full	82979729	17	156162	83135891	TP53	neutral	1	1	2.3592043702697	0.2670608
PD62030a	full	79469401	5	52788466	132257867	APC	loss	1	1	3.43769790531089	0.1735966
PD62030a	full	17970562	17	156162	18126724	TP53	cn-LOH	3	0	3.43769790531089	0.1895729
PD62030c	full	81818088	5	50399214	132217302	APC	loss	1	1	3.31881163988497	0.1760939
PD62030c	full	48467021	17	156162	48623183	TP53	cn-LOH	3	0	3.31881163988497	0.3280951
PD62030d	full	181120668	5	140238	181260906	APC	neutral	1	1	1.9863870313688	0.1885657
PD62030d	full	82979729	17	156162	83135891	TP53	neutral	1	1	1.9863870313688	0.2670608
PD62031a	full	39950268	5	100900284	140850552	APC	neutral	1	1	1.98385596003844	0.1480674
PD62031a	full	60963544	17	2694429	63657973	TP53	neutral	1	1	1.98385596003844	0.2908118
PD62031c	full	43773632	5	97014870	140788502	APC	neutral	1	1	2.18479139422063	0.1562587
PD62031c	full	63532689	17	156162	63688851	TP53	neutral	1	1	2.18479139422063	0.2883302
PD62031d	full	38057164	5	96912792	134969956	APC	neutral	1	1	1.97998569080668	0.1598193
PD62031d	full	63478685	17	156162	63634847	TP53	neutral	1	1	1.97998569080668	0.2885084
PD62033a	full	181120668	5	140238	181260906	APC	neutral	1	1	2.02093701202659	0.1885657
PD62033a	full	82979729	17	156162	83135891	TP53	neutral	1	1	2.02093701202659	0.2670608
PD62033c	full	181120668	5	140238	181260906	APC	neutral	1	1	1.98425487686506	0.1885657
PD62033c	full	82979729	17	156162	83135891	TP53	neutral	1	1	1.98425487686506	0.2670608
PD62033d	full	181120668	5	140238	181260906	APC	neutral	1	1	2.0211414601798	0.1885657
PD62033d	full	82979729	17	156162	83135891	TP53	neutral	1	1	2.0211414601798	0.2670608
PD62034a	full	129218524	5	50796951	180015475	APC	cn-LOH	2	0	1.97103659022328	0.1612815
PD62034a	full	82979729	17	156162	83135891	TP53	neutral	1	1	1.97103659022328	0.2670608
PD62034c	full	130434079	5	50826827	181260906	APC	cn-LOH	2	0	2.1865705401858	0.1616669
PD62034c	full	21128983	17	156162	21285145	TP53	LOH-del	1	0	2.1865705401858	0.2339136
PD62036a	full	147949428	5	140238	148089666	APC	neutral	1	1	1.98428659624671	0.1976392
PD62036a	full	82979729	17	156162	83135891	TP53	neutral	1	1	1.98428659624671	0.2670608
PD62036c	full	83325630	5	57482654	140808284	APC	LOH-del	2	0	3.58365683754903	0.1714915
PD62036c	full	138114	17	7633142	7771256	TP53	LOH-del	3	0	3.58365683754903	0.2017247
PD62037a	full	181120668	5	140238	181260906	APC	neutral	1	1	1.98216770811226	0.1885657
PD62037a	full	7667185	17	156162	7823347	TP53	neutral	1	1	1.98216770811226	0.2024417
PD62037c	full	151072700	5	140238	151212938	APC	neutral	1	1	1.97354211925486	0.1959188
PD62037c	full	7663277	17	156162	7819439	TP53	neutral	1	1	1.97354211925486	0.2024760
PD62037d	full	126040548	5	55220358	181260906	APC	cn-LOH	2	0	1.97135859185548	0.1619756
PD62037d	full	7968113	17	156162	8124275	TP53	LOH-del	1	0	1.97135859185548	0.2013669
PD62037e	full	181120668	5	140238	181260906	APC	cn-LOH	3	0	3.49568692328444	0.1885657
PD62037e	full	7993878	17	156162	8150040	TP53	LOH-del	2	0	3.49568692328444	0.2014273
PD62038a	full	181120668	5	140238	181260906	APC	neutral	1	1	1.96603135516159	0.1885657
PD62038a	full	21148463	17	156162	21304625	TP53	LOH-del	1	0	1.96603135516159	0.2339374
PD62038c	full	130858782	5	50402124	181260906	APC	LOH-del	1	0	1.94490498914825	0.1631234
PD62038c	full	14966351	17	7237821	22204172	TP53	LOH-del	1	0	1.94490498914825	0.2865636
PD62038d	full	130858782	5	50402124	181260906	APC	LOH-del	1	0	1.84618218997099	0.1631234
PD62038d	full	17409931	17	4889757	22299688	TP53	LOH-del	1	0	1.84618218997099	0.2726654
PD62038e	full	181120668	5	140238	181260906	APC	neutral	1	1	1.99728343392538	0.1885657
PD62038e	full	82979729	17	156162	83135891	TP53	neutral	1	1	1.99728343392538	0.2670608
PD62039a	full	104203305	5	45696119	149899424	APC	LOH-del	2	0	2.996204489418	0.2003856
PD62039a	full	19584190	17	156162	19740352	TP53	cn-LOH	3	0	2.996204489418	0.2163173
PD62039c	full	135564787	5	45696119	181260906	APC	LOH-del	3	0	3.98227057956565	0.1886910
PD62039c	full	82979729	17	156162	83135891	TP53	LOH-del	3	0	3.98227057956565	0.2670608
PD62039d	full	140646159	5	140238	140786397	APC	neutral	1	1	1.99501420794604	0.2013930
PD62039d	full	40028514	17	156162	40184676	TP53	neutral	1	1	1.99501420794604	0.3394824
PD62039e	full	156958586	5	140238	157098824	APC	neutral	1	1	1.94353661285568	0.1929325
PD62039e	full	82979729	17	156162	83135891	TP53	LOH-del	1	0	1.94353661285568	0.2670608
PD62040c	full	157148284	5	140359	157288643	APC	neutral	1	1	2.06349843281783	0.1928131
PD62040c	full	7956072	17	156162	8112234	TP53	LOH-del	1	0	2.06349843281783	0.2013421
PD62041a	full	67986541	5	72856031	140842572	APC	LOH-del	2	0	2.86405952927293	0.1551580
PD62041a	full	7991196	17	156162	8147358	TP53	LOH-del	2	0	2.86405952927293	0.2014353
PD62041c	full	181120668	5	140238	181260906	APC	neutral	1	1	1.89796397807361	0.1885657
PD62041c	full	7991196	17	156162	8147358	TP53	cn-LOH	2	0	1.89796397807361	0.2014353
PD62041d	full	75065175	5	65777397	140842572	APC	LOH-del	1	0	1.74033712612363	0.1747102
PD62041d	full	65873751	17	156162	66029913	TP53	LOH-del	1	0	1.74033712612363	0.2871580
PD62042a	full	95105217	5	45695935	140801152	APC	LOH-del	1	0	2.07337703914265	0.2077301
PD62042a	full	1165512	17	7039947	8205459	TP53	cn-LOH	2	0	2.07337703914265	0.1976994
PD62042c	full	130858560	5	50402346	181260906	APC	LOH-del	2	0	3.56898719594483	0.1631220
PD62042c	full	1175115	17	7029898	8205013	TP53	cn-LOH	4	0	3.56898719594483	0.1975653
PD62043a	full	181120547	5	140359	181260906	APC	neutral	1	1	1.85973940695853	0.1885652
PD62043a	full	22411400	17	156187	22567587	TP53	LOH-del	1	0	1.85973940695853	0.2704437
PD62045a	full	156964312	5	140238	157104550	APC	neutral	1	1	2.00583256470078	0.1929308
PD62045a	full	82979729	17	156162	83135891	TP53	neutral	1	1	2.00583256470078	0.2670608
PD62045c	full	156999227	5	140238	157139465	APC	neutral	1	1	1.97377370287595	0.1929111
PD62045c	full	41146166	17	156162	41302328	TP53	neutral	1	1	1.97377370287595	0.3350822
PD62046a	full	88000066	5	52788607	140788673	APC	LOH-del	1	0	2.35758533013604	0.1693828
PD62046a	full	41208834	17	156162	41364996	TP53	cn-LOH	2	0	2.35758533013604	0.3347504
PD62046c	full	46371442	5	94417060	140788502	APC	LOH-del	1	0	2.05551811538221	0.1544066
PD62046c	full	25768707	17	7229141	32997848	TP53	neutral	1	1	2.05551811538221	0.4069674
PD62047a	full	82486898	5	98774008	181260906	APC	cn-LOH	2	0	1.98580998022483	0.1499215
PD62047a	full	82979729	17	156162	83135891	TP53	neutral	1	1	1.98580998022483	0.2670608
PD62047g	full	146453083	5	34807823	181260906	APC	loss	2	2	5.06199485884996	0.1857831
PD62047g	full	8353900	17	156162	8510062	TP53	LOH-del	4	0	5.06199485884996	0.1989127
PD62047h	full	44228657	5	69320398	113549055	APC	loss	3	1	5.31298509509957	0.1992743
PD62047h	full	4785625	17	3784239	8569864	TP53	LOH-del	4	0	5.31298509509957	0.1697101
PD62048a	full	68589387	5	72116309	140705696	APC	cn-LOH	4	0	4.33847537575281	0.1541960
PD62048a	full	3465054	17	4789264	8254318	TP53	loss	2	1	4.33847537575281	0.1693027
PD62048c	full	68669851	5	72116546	140786397	APC	cn-LOH	4	0	4.32224343058402	0.1543791
PD62048c	full	8107018	17	156162	8263180	TP53	loss	2	1	4.32224343058402	0.2005850
PD62049a	full	74161350	5	65521464	139682814	APC	LOH-del	1	0	1.7686886400718	0.1748752
PD62049a	full	8236903	17	156162	8393065	TP53	cn-LOH	2	0	1.7686886400718	0.2002833
PD62051a	full	141385962	5	140238	141526200	APC	LOH-del	4	0	5.44708139536945	0.2014102
PD62051a	full	82979729	17	156162	83135891	TP53	LOH-amp	6	0	5.44708139536945	0.2670608
PD62051c	full	146013075	5	140238	146153313	APC	LOH-del	2	0	2.71549493598827	0.1986157
PD62051c	full	82979729	17	156162	83135891	TP53	cn-LOH	3	0	2.71549493598827	0.2670608
PD62052a	full	181120668	5	140238	181260906	APC	neutral	1	1	2.02018720471308	0.1885657
PD62052a	full	42954532	17	156162	43110694	TP53	neutral	1	1	2.02018720471308	0.3289295
PD62052c	full	181120668	5	140238	181260906	APC	neutral	1	1	1.98508181111068	0.1885657
PD62052c	full	43221644	17	156162	43377806	TP53	neutral	1	1	1.98508181111068	0.3304296
PD62053a	full	181120668	5	140238	181260906	APC	neutral	1	1	1.99026418322691	0.1885657
PD62053a	full	82979729	17	156162	83135891	TP53	neutral	1	1	1.99026418322691	0.2670608
PD62053c	full	181120668	5	140238	181260906	APC	neutral	1	1	1.98434877873633	0.1885657
PD62053c	full	82979729	17	156162	83135891	TP53	neutral	1	1	1.98434877873633	0.2670608
PD62054a	full	181120668	5	140238	181260906	APC	neutral	1	1	2.00111035695606	0.1885657
PD62054a	full	63675034	17	156162	63831196	TP53	neutral	1	1	2.00111035695606	0.2879926
PD62057a	full	140646159	5	140238	140786397	APC	neutral	1	1	2.00832814051202	0.2013930
PD62057a	full	82979729	17	156162	83135891	TP53	neutral	1	1	2.00832814051202	0.2670608
PD62057c	full	181120668	5	140238	181260906	APC	neutral	1	1	1.76195391897763	0.1885657
PD62057c	full	65069424	17	156162	65225586	TP53	neutral	1	1	1.76195391897763	0.2893012
PD62058a	full	15957595	5	97165082	113122677	APC	neutral	1	1	1.99566770265082	0.1851657
PD62058a	full	7675320	17	156162	7831482	TP53	neutral	1	1	1.99566770265082	0.2023070
PD62058c	full	181120668	5	140238	181260906	APC	neutral	1	1	1.98530282374794	0.1885657
PD62058c	full	43991720	17	156162	44147882	TP53	neutral	1	1	1.98530282374794	0.3273163
PD62060a	full	51220333	5	90016670	141237003	APC	LOH-del	1	0	1.87225057334212	0.1560987
PD62060a	full	12552112	17	6109750	18661862	TP53	LOH-del	1	0	1.87225057334212	0.1965546
PD62060c	full	50842847	5	90394156	141237003	APC	LOH-del	1	0	1.89423524019556	0.1560075
PD62060c	full	2015874	17	6428241	8444115	TP53	LOH-del	1	0	1.89423524019556	0.1766430
PD62064a	full	140560784	5	140238	140701022	APC	neutral	1	1	1.98536874286859	0.2013348
PD62064a	full	82979729	17	156162	83135891	TP53	neutral	1	1	1.98536874286859	0.2670608
PD62064c	full	181120668	5	140238	181260906	APC	neutral	1	1	1.98473266485029	0.1885657
PD62064c	full	82979729	17	156162	83135891	TP53	neutral	1	1	1.98473266485029	0.2670608
PD62064d	full	181120668	5	140238	181260906	APC	neutral	1	1	1.98460147294804	0.1885657
PD62064d	full	82979729	17	156162	83135891	TP53	neutral	1	1	1.98460147294804	0.2670608
PD62065a	full	181120668	5	140238	181260906	APC	neutral	1	1	2.02348822265062	0.1885657
PD62065a	full	40945627	17	156162	41101789	TP53	neutral	1	1	2.02348822265062	0.3350728
PD62065c	full	181120668	5	140238	181260906	APC	neutral	1	1	1.98388377751497	0.1885657
PD62065c	full	82979597	17	156162	83135759	TP53	neutral	1	1	1.98388377751497	0.2670598
PD62065d	full	181120668	5	140238	181260906	APC	neutral	1	1	2.02261032401289	0.1885657
PD62065d	full	42006275	17	156162	42162437	TP53	neutral	1	1	2.02261032401289	0.3321291
PD62065e	full	141191254	5	140238	141331492	APC	neutral	1	1	1.98447706868415	0.2014621
PD62065e	full	82979597	17	156162	83135759	TP53	neutral	1	1	1.98447706868415	0.2670598
PD62066a	full	130861779	5	50399127	181260906	APC	LOH-del	1	0	1.93877166479334	0.1631426
PD62066a	full	82979729	17	156162	83135891	TP53	neutral	1	1	1.93877166479334	0.2670608
PD62066c	full	90301879	5	50399127	140701006	APC	LOH-del	2	0	3.68410039098474	0.1715996
PD62066c	full	82979729	17	156162	83135891	TP53	neutral	2	2	3.68410039098474	0.2670608
PD62067a	full	181120668	5	140238	181260906	APC	neutral	1	1	2.22135471798619	0.1885657
PD62067a	full	82979729	17	156162	83135891	TP53	neutral	1	1	2.22135471798619	0.2670608
PD62067c	full	97722327	5	83538579	181260906	APC	cn-LOH	4	0	4.00581862163926	0.1521535
PD62067c	full	82979729	17	156162	83135891	TP53	neutral	2	2	4.00581862163926	0.2670608
PD62068a	full	84280595	5	96979616	181260211	APC	neutral	1	1	2.02139545983786	0.1503469
PD62068a	full	82979597	17	156162	83135759	TP53	neutral	1	1	2.02139545983786	0.2670598
PD62068c	full	84280595	5	96979616	181260211	APC	LOH-del	1	0	1.90263700488334	0.1503469
PD62068c	full	82979597	17	156162	83135759	TP53	cn-LOH	2	0	1.90263700488334	0.2670598
PD62068d	full	84351277	5	96908934	181260211	APC	LOH-del	1	0	1.91089896579157	0.1503480
PD62068d	full	7958461	17	156162	8114623	TP53	LOH-del	1	0	1.91089896579157	0.2013030
PD62068e	full	181119852	5	140359	181260211	APC	neutral	1	1	1.99916640145816	0.1885651
PD62068e	full	82979597	17	156162	83135759	TP53	neutral	1	1	1.99916640145816	0.2670598
PD62068f	full	181119852	5	140359	181260211	APC	neutral	1	1	1.99913188007647	0.1885651
PD62068f	full	82979597	17	156162	83135759	TP53	neutral	1	1	1.99913188007647	0.2670598
PD62068g	full	38886414	5	102236845	141123259	APC	neutral	1	1	1.98464936479195	0.1458115
PD62068g	full	569041	17	7289567	7858608	TP53	neutral	1	1	1.98464936479195	0.2152130
PD62070d	full	140702119	5	140359	140842478	APC	neutral	1	1	1.9861398572523	0.2014563
PD62070d	full	82979597	17	156162	83135759	TP53	neutral	1	1	1.9861398572523	0.2670598
PD62072a	full	140646159	5	140238	140786397	APC	neutral	1	1	2.00335245336339	0.2013930
PD62072a	full	82979729	17	156162	83135891	TP53	neutral	1	1	2.00335245336339	0.2670608
PD62073a	full	55848148	5	81650327	137498475	APC	neutral	1	1	1.96636317989406	0.1584241
PD62073a	full	9537093	17	156162	9693255	TP53	neutral	1	1	1.96636317989406	0.1894812
PD62074d	full	181120668	5	140238	181260906	APC	neutral	1	1	1.98330499916106	0.1885657
PD62074d	full	82979729	17	156162	83135891	TP53	neutral	1	1	1.98330499916106	0.2670608
PD62075a	full	140646448	5	140238	140786686	APC	neutral	1	1	2.00948802852776	0.2013936
PD62075a	full	21139499	17	156162	21295661	TP53	LOH-del	1	0	2.00948802852776	0.2339226
PD62075c	full	181120668	5	140238	181260906	APC	neutral	1	1	2.05702604858199	0.1885657
PD62075c	full	22047935	17	156162	22204097	TP53	LOH-del	1	0	2.05702604858199	0.2593016
PD62075d	full	140655638	5	140238	140795876	APC	neutral	1	1	2.01171831470226	0.2013968
PD62075d	full	21135211	17	156162	21291373	TP53	LOH-del	1	0	2.01171831470226	0.2339115
PD62075e	full	140563865	5	140238	140704103	APC	neutral	1	1	2.00682308067027	0.2013313
PD62075e	full	21145924	17	156162	21302086	TP53	LOH-del	1	0	2.00682308067027	0.2339292
PD62076a	full	181120668	5	140238	181260906	APC	neutral	1	1	2	0.1885657
PD62076a	full	82979597	17	156162	83135759	TP53	neutral	1	1	2	0.2670598
PD62076c	full	181120668	5	140238	181260906	APC	neutral	1	1	2.12172020346276	0.1885657
PD62076c	full	82979597	17	156162	83135759	TP53	neutral	1	1	2.12172020346276	0.2670598
PD62078a	full	181120668	5	140238	181260906	APC	neutral	1	1	2.14673660307694	0.1885657
PD62078a	full	82979729	17	156162	83135891	TP53	neutral	1	1	2.14673660307694	0.2670608
PD62078c	full	181120668	5	140238	181260906	APC	neutral	1	1	1.98470210611477	0.1885657
PD62078c	full	82979729	17	156162	83135891	TP53	neutral	1	1	1.98470210611477	0.2670608
PD62079a	full	181120547	5	140359	181260906	APC	neutral	1	1	2.02570093457944	0.1885652
PD62079a	full	82979729	17	156162	83135891	TP53	neutral	1	1	2.02570093457944	0.2670608
PD62079c	full	145351055	5	35909851	181260906	APC	neutral	1	1	1.98364982816296	0.1862080
PD62079c	full	82979729	17	156162	83135891	TP53	neutral	1	1	1.98364982816296	0.2670608
PD62080a	full	147946418	5	140238	148086656	APC	neutral	1	1	1.98220087748519	0.1976378
PD62080a	full	63279096	17	156187	63435283	TP53	neutral	1	1	1.98220087748519	0.2889087
PD62080c	full	181120668	5	140238	181260906	APC	neutral	1	1	1.975872619482	0.1885657
PD62080c	full	63265012	17	156187	63421199	TP53	neutral	1	1	1.975872619482	0.2889542
PD62081a	full	72270243	5	68290682	140560925	APC	neutral	1	1	1.97933234388499	0.1759191
PD62081a	full	29785677	17	156162	29941839	TP53	neutral	1	1	1.97933234388499	0.3707688
PD62081c	full	72272343	5	68288582	140560925	APC	cn-LOH	2	0	1.97566743775166	0.1759168
PD62081c	full	3627977	17	4822848	8450825	TP53	LOH-del	1	0	1.97566743775166	0.1681948
PD62082c	full	181120547	5	140359	181260906	APC	neutral	1	1	1.98533239051179	0.1885652
PD62082c	full	82979729	17	156162	83135891	TP53	neutral	1	1	1.98533239051179	0.2670608
PD62083c	full	181120668	5	140238	181260906	APC	neutral	1	1	1.98801658423742	0.1885657
PD62083c	full	28555353	17	156162	28711515	TP53	neutral	1	1	1.98801658423742	0.3800833
PD62083d	full	181120668	5	140238	181260906	APC	neutral	1	1	1.98699777579995	0.1885657
PD62083d	full	82979729	17	156162	83135891	TP53	neutral	1	1	1.98699777579995	0.2670608
PD62084a	full	73665461	5	67120936	140786397	APC	cn-LOH	2	0	2.02696661863065	0.1755138
PD62084a	full	7993878	17	156162	8150040	TP53	neutral	1	1	2.02696661863065	0.2014273
