gistic_name	gistic_peak	chrom	start	end	residual.q.values	difficult_frac	peak_size	sample	gistic_call	match	fraction_overlap	ascat_start	ascat_end	ascat_size
Amplification Peak 1	chr8:125426699-129759393	chr8	125426699	129759393	0.017098	0.117138436270828	4332694	PD62031c	gain	Match	1	232977	145054093	144821117
Amplification Peak 1	chr8:125426699-129759393	chr8	125426699	129759393	0.017098	0.117138436270828	4332694	PD62033d	gain	Match	1	232977	145054093	144821117
Amplification Peak 1	chr8:125426699-129759393	chr8	125426699	129759393	0.017098	0.117138436270828	4332694	PD62034c	gain	Match	0.736897012136788	126556557	129749306	3192750
Amplification Peak 1	chr8:125426699-129759393	chr8	125426699	129759393	0.017098	0.117138436270828	4332694	PD62038d	gain	Match	1	124865321	135647183	10781863
Amplification Peak 1	chr8:125426699-129759393	chr8	125426699	129759393	0.017098	0.117138436270828	4332694	PD62039c	gain	Match	1	116644942	145054093	28409152
Amplification Peak 1	chr8:125426699-129759393	chr8	125426699	129759393	0.017098	0.117138436270828	4332694	PD62040c	gain	Match	1	43178286	145054093	101875808
Amplification Peak 1	chr8:125426699-129759393	chr8	125426699	129759393	0.017098	0.117138436270828	4332694	PD62042c	gain	Match	1	39584525	138635019	99050495
Amplification Peak 1	chr8:125426699-129759393	chr8	125426699	129759393	0.017098	0.117138436270828	4332694	PD62047h	gain	Match	1	232977	145054093	144821117
Amplification Peak 2	chr10:77782504-82242712	chr10	77782504	82242712	0.017098	0.217842755315447	4460208	PD62029d	gain	Match	0.629156615755002	58277030	80588673	22311644
Amplification Peak 2	chr10:77782504-82242712	chr10	77782504	82242712	0.017098	0.217842755315447	4460208	PD62038e	gain	Match	0.997761315669288	76324343	82232727	5908385
Amplification Peak 2	chr10:77782504-82242712	chr10	77782504	82242712	0.017098	0.217842755315447	4460208	PD62047h	gain	Match	1	32814238	116271917	83457680
Amplification Peak 2	chr10:77782504-82242712	chr10	77782504	82242712	0.017098	0.217842755315447	4460208	PD62051c	gain	Match	0.915715160433065	77793915	81878195	4084281
Amplification Peak 3	chr14:22124031-22490614	chr14	22124031	22490614	0.017098	0.100689339112834	366583	PD62027c	gain	Match	1	22124030	22492775	368746
Amplification Peak 3	chr14:22124031-22490614	chr14	22124031	22490614	0.017098	0.100689339112834	366583	PD62038d	gain	Match	1	22070853	22494878	424026
Amplification Peak 3	chr14:22124031-22490614	chr14	22124031	22490614	0.017098	0.100689339112834	366583	PD62039c	gain	Match	1	22105305	22492775	387471
Amplification Peak 3	chr14:22124031-22490614	chr14	22124031	22490614	0.017098	0.100689339112834	366583	PD62040c	gain	Match	1	22096544	22499871	403328
Amplification Peak 3	chr14:22124031-22490614	chr14	22124031	22490614	0.017098	0.100689339112834	366583	PD62045a	gain	Match	0.973163040394562	22132901	22489646	356746
Amplification Peak 3	chr14:22124031-22490614	chr14	22124031	22490614	0.017098	0.100689339112834	366583	PD62047h	gain	Match	1	19097460	34524849	15427390
Amplification Peak 3	chr14:22124031-22490614	chr14	22124031	22490614	0.017098	0.100689339112834	366583	PD62048a	gain	Match	1	22008143	22503858	495716
Amplification Peak 3	chr14:22124031-22490614	chr14	22124031	22490614	0.017098	0.100689339112834	366583	PD62051c	gain	Match	1	22096266	22490615	394350
Deletion Peak 1	chr1:160646665-160833944	chr1	160646665	160833944	0.20953	0.143619946710523	187279	PD62027c	loss	Match	1	160171813	161778334	1606522
Deletion Peak 1	chr1:160646665-160833944	chr1	160646665	160833944	0.20953	0.143619946710523	187279	PD62038d	loss	Match	0.993266766339171	160637179	160832683	195505
Deletion Peak 1	chr1:160646665-160833944	chr1	160646665	160833944	0.20953	0.143619946710523	187279	PD62041d	loss	Match	0.947821443827424	160425183	160824172	398990
Deletion Peak 1	chr1:160646665-160833944	chr1	160646665	160833944	0.20953	0.143619946710523	187279	PD62045a	loss	Match	0.797298163178129	160684627	160947947	263321
Deletion Peak 1	chr1:160646665-160833944	chr1	160646665	160833944	0.20953	0.143619946710523	187279	PD62051c	loss	Match	1	26772346	235127940	208355595
Deletion Peak 2	chr5:146083459-157350674	chr5	146083459	157350674	0.21045	0.11634649733763	11267215	PD62028c	loss	Match	1	50399214	181260906	130861693
Deletion Peak 2	chr5:146083459-157350674	chr5	146083459	157350674	0.21045	0.11634649733763	11267215	PD62036c	loss	Match	1	141096081	181260906	40164826
Deletion Peak 2	chr5:146083459-157350674	chr5	146083459	157350674	0.21045	0.11634649733763	11267215	PD62038d	loss	Match	1	50402124	181260906	130858783
Deletion Peak 2	chr5:146083459-157350674	chr5	146083459	157350674	0.21045	0.11634649733763	11267215	PD62039c	loss	Match	1	45696119	181260906	135564788
Deletion Peak 2	chr5:146083459-157350674	chr5	146083459	157350674	0.21045	0.11634649733763	11267215	PD62041d	loss	Match	1	140862894	181260906	40398013
Deletion Peak 2	chr5:146083459-157350674	chr5	146083459	157350674	0.21045	0.11634649733763	11267215	PD62042c	loss	Match	1	50402346	181260906	130858561
Deletion Peak 2	chr5:146083459-157350674	chr5	146083459	157350674	0.21045	0.11634649733763	11267215	PD62045a	loss	No_match	No_match	No_match	No_match	No_match
Deletion Peak 2	chr5:146083459-157350674	chr5	146083459	157350674	0.21045	0.11634649733763	11267215	PD62051c	loss	Match	0.991586741569523	146153855	157326276	11172422
Deletion Peak 3	chr6:25963554-26365198	chr6	25963554	26365198	1.5113e-08	0.114081126569798	401644	PD62027c	loss	Match	0.858367463805102	26020440	27250670	1230231
Deletion Peak 3	chr6:25963554-26365198	chr6	25963554	26365198	1.5113e-08	0.114081126569798	401644	PD62031c	loss	Match	0.858367463805102	26020440	27324974	1304535
Deletion Peak 3	chr6:25963554-26365198	chr6	25963554	26365198	1.5113e-08	0.114081126569798	401644	PD62036c	loss	Match	0.866011029640603	26017370	26368051	350682
Deletion Peak 3	chr6:25963554-26365198	chr6	25963554	26365198	1.5113e-08	0.114081126569798	401644	PD62037d	loss	Match	0.865819318054501	26017447	26365199	347753
Deletion Peak 3	chr6:25963554-26365198	chr6	25963554	26365198	1.5113e-08	0.114081126569798	401644	PD62037e	loss	Match	0.858367463805102	26020440	26370254	349815
Deletion Peak 3	chr6:25963554-26365198	chr6	25963554	26365198	1.5113e-08	0.114081126569798	401644	PD62040c	loss	Match	0.66821197823949	26017148	26285531	268384
Deletion Peak 3	chr6:25963554-26365198	chr6	25963554	26365198	1.5113e-08	0.114081126569798	401644	PD62045a	loss	Match	0.866347147356496	26017235	26365451	348217
Deletion Peak 3	chr6:25963554-26365198	chr6	25963554	26365198	1.5113e-08	0.114081126569798	401644	PD62046c	loss	Match	0.667977940718794	26017148	26285437	268290
Deletion Peak 3	chr6:25963554-26365198	chr6	25963554	26365198	1.5113e-08	0.114081126569798	401644	PD62048a	loss	Match	0.865000186732064	26017776	27247827	1230052
Deletion Peak 4	chr7:142762885-142883565	chr7	142762885	142883565	0.21737	0.172414650314882	120680	PD62051c	loss	Match	0.510444891905105	142802019	142863619	61601
Deletion Peak 5	chr9:10616059-13410203	chr9	10616059	13410203	2.8774e-05	0.178766377108696	2794144	PD62037d	loss	Match	0.747533503093075	154795	12704775	12549981
Deletion Peak 5	chr9:10616059-13410203	chr9	10616059	13410203	2.8774e-05	0.178766377108696	2794144	PD62037e	loss	Match	0.747522766356077	154795	12704745	12549951
Deletion Peak 5	chr9:10616059-13410203	chr9	10616059	13410203	2.8774e-05	0.178766377108696	2794144	PD62042c	loss	Match	1	154795	21816704	21661910
Deletion Peak 5	chr9:10616059-13410203	chr9	10616059	13410203	2.8774e-05	0.178766377108696	2794144	PD62047h	loss	Match	1	154795	26116152	25961358
Deletion Peak 6	chr14:21663172-22607178	chr14	21663172	22607178	0.0088137	0.106532161871853	944006	PD62027c	loss	No_match	No_match	No_match	No_match	No_match
Deletion Peak 6	chr14:21663172-22607178	chr14	21663172	22607178	0.0088137	0.106532161871853	944006	PD62037d	loss	Match	0.600033686190886	21941349	22507784	566436
Deletion Peak 6	chr14:21663172-22607178	chr14	21663172	22607178	0.0088137	0.106532161871853	944006	PD62037e	loss	Match	0.70532315967996	21941349	24634310	2692962
Deletion Peak 6	chr14:21663172-22607178	chr14	21663172	22607178	0.0088137	0.106532161871853	944006	PD62038d	loss	No_match	No_match	No_match	No_match	No_match
Deletion Peak 6	chr14:21663172-22607178	chr14	21663172	22607178	0.0088137	0.106532161871853	944006	PD62041d	loss	Match	0.864033847206641	19733402	22478825	2745424
Deletion Peak 6	chr14:21663172-22607178	chr14	21663172	22607178	0.0088137	0.106532161871853	944006	PD62045a	loss	No_match	No_match	No_match	No_match	No_match
Deletion Peak 6	chr14:21663172-22607178	chr14	21663172	22607178	0.0088137	0.106532161871853	944006	PD62048a	loss	No_match	No_match	No_match	No_match	No_match
Deletion Peak 6	chr14:21663172-22607178	chr14	21663172	22607178	0.0088137	0.106532161871853	944006	PD62051c	loss	Match	0.458614184004991	19097559	22096106	2998548
Deletion Peak 7	chr14:105663560-105920801	chr14	105663560	105920801	0.0010382	0.625110305122434	257241	PD62037d	loss	Match	0.748046586482767	22589178	105855988	83266811
Deletion Peak 7	chr14:105663560-105920801	chr14	105663560	105920801	0.0010382	0.625110305122434	257241	PD62037e	loss	Match	0.781171037388918	105625218	105864509	239292
Deletion Peak 7	chr14:105663560-105920801	chr14	105663560	105920801	0.0010382	0.625110305122434	257241	PD62038d	loss	Match	0.748046586482767	99398633	105855988	6457356
Deletion Peak 7	chr14:105663560-105920801	chr14	105663560	105920801	0.0010382	0.625110305122434	257241	PD62041d	loss	Match	0.781190474339338	105529197	105864514	335318
Deletion Peak 7	chr14:105663560-105920801	chr14	105663560	105920801	0.0010382	0.625110305122434	257241	PD62042c	loss	Match	1	98717310	106874913	8157604
Deletion Peak 7	chr14:105663560-105920801	chr14	105663560	105920801	0.0010382	0.625110305122434	257241	PD62051c	loss	Match	1	22492775	106874913	84382139
Deletion Peak 8	chr15:81145649-81319295	chr15	81145649	81319295	0.0023656	0.12276124989922	173646	PD62028c	loss	Match	1	22225178	101849608	79624431
Deletion Peak 8	chr15:81145649-81319295	chr15	81145649	81319295	0.0023656	0.12276124989922	173646	PD62038d	loss	Match	0.713562572345045	19964758	81269556	61304799
Deletion Peak 8	chr15:81145649-81319295	chr15	81145649	81319295	0.0023656	0.12276124989922	173646	PD62038e	loss	No_match	No_match	No_match	No_match	No_match
Deletion Peak 8	chr15:81145649-81319295	chr15	81145649	81319295	0.0023656	0.12276124989922	173646	PD62041d	loss	Match	1	45108160	101849544	56741385
Deletion Peak 8	chr15:81145649-81319295	chr15	81145649	81319295	0.0023656	0.12276124989922	173646	PD62045a	loss	No_match	No_match	No_match	No_match	No_match
Deletion Peak 8	chr15:81145649-81319295	chr15	81145649	81319295	0.0023656	0.12276124989922	173646	PD62051c	loss	Match	0.691656060859099	19964758	81265752	61300995
Deletion Peak 9	chr17:8451774-11242097	chr17	8451774	11242097	0.031892	0.10794771788069	2790323	PD62034c	loss	Match	1	156162	21285145	21128984
Deletion Peak 9	chr17:8451774-11242097	chr17	8451774	11242097	0.031892	0.10794771788069	2790323	PD62036c	loss	Match	1	7771466	41514663	33743198
Deletion Peak 9	chr17:8451774-11242097	chr17	8451774	11242097	0.031892	0.10794771788069	2790323	PD62037d	loss	Match	0.850749948751471	8188963	10825641	2636679
Deletion Peak 9	chr17:8451774-11242097	chr17	8451774	11242097	0.031892	0.10794771788069	2790323	PD62037e	loss	Match	0.786394698250096	8189922	10646069	2456148
Deletion Peak 9	chr17:8451774-11242097	chr17	8451774	11242097	0.031892	0.10794771788069	2790323	PD62038d	loss	Match	1	4889757	22299688	17409932
Deletion Peak 9	chr17:8451774-11242097	chr17	8451774	11242097	0.031892	0.10794771788069	2790323	PD62041d	loss	Match	1	156162	66029913	65873752
Deletion Peak 9	chr17:8451774-11242097	chr17	8451774	11242097	0.031892	0.10794771788069	2790323	PD62042c	loss	Match	1	8205021	21012709	12807689
Deletion Peak 9	chr17:8451774-11242097	chr17	8451774	11242097	0.031892	0.10794771788069	2790323	PD62047h	loss	Match	0.955292288637449	8576523	14770359	6193837
