PD62027a	PD62027b
PD62027c	PD62027b
PD62028a	PD62028b
PD62028c	PD62028b
PD62029c	PD62029b
PD62029d	PD62029b
PD62030a	PD62030b
PD62030c	PD62030b
PD62030d	PD62030b
PD62031a	PD62031b
PD62031c	PD62031b
PD62031d	PD62031b
PD62033a	PD62033b
PD62033c	PD62033b
PD62033d	PD62033b
PD62034a	PD62034b
PD62034c	PD62034b
PD62036a	PD62036b
PD62036c	PD62036b
PD62037a	PD62037b
PD62037c	PD62037b
PD62037d	PD62037b
PD62037e	PD62037b
PD62038a	PD62038b
PD62038c	PD62038b
PD62038d	PD62038b
PD62038e	PD62038b
PD62039a	PD62039b
PD62039c	PD62039b
PD62039d	PD62039b
PD62039e	PD62039b
PD62040c	PD62040b
PD62041a	PD62041b
PD62041c	PD62041b
PD62041d	PD62041b
PD62042a	PD62042b
PD62042c	PD62042b
PD62043a	PD62043b
PD62045a	PD62045b
PD62045c	PD62045b
PD62046a	PD62046b
PD62046c	PD62046b
PD62047a	PD62047b
PD62047d	PD62047b
PD62047e	PD62047b
PD62047g	PD62047b
PD62047h	PD62047b
PD62048a	PD62048b
PD62048c	PD62048b
PD62049a	PD62049b
PD62051a	PD62051b
PD62051c	PD62051b
PD62052a	PD62052b
PD62052c	PD62052b
PD62053a	PD62053b
PD62053c	PD62053b
PD62054a	PD62054b
PD62057a	PD62057b
PD62057c	PD62057b
PD62058a	PD62058b
PD62058c	PD62058b
PD62060a	PD62060b
PD62060c	PD62060b
PD62064a	PD62064b
PD62064c	PD62064b
PD62064d	PD62064b
PD62065a	PD62065b
PD62065c	PD62065b
PD62065d	PD62065b
PD62065e	PD62065b
PD62066a	PD62066b
PD62066c	PD62066b
PD62067a	PD62067b
PD62067c	PD62067b
PD62068a	PD62068b
PD62068c	PD62068b
PD62068d	PD62068b
PD62068e	PD62068b
PD62068f	PD62068b
PD62068g	PD62068b
PD62070d	PD62070b
PD62072a	PD62072b
PD62073a	PD62073b
PD62074c	PD62074b
PD62074d	PD62074b
PD62075a	PD62075b
PD62075c	PD62075b
PD62075d	PD62075b
PD62075e	PD62075b
PD62076a	PD62076b
PD62076c	PD62076b
PD62077a	PD62077b
PD62078a	PD62078b
PD62078c	PD62078b
PD62079a	PD62079b
PD62079c	PD62079b
PD62080a	PD62080b
PD62080c	PD62080b
PD62081a	PD62081b
PD62081c	PD62081b
PD62082c	PD62082b
PD62083c	PD62083b
PD62083d	PD62083b
PD62084a	PD62084b
PD62084c	PD62084b
