Sample	chr	startpos	endpos	nMajor	nMinor	Sex	Purity	Ploidy	CN	Size
PD62027a	1	69511	9721683	1	1	F	0.35	2.01131838920849	neutral	9652173
PD62027a	1	9721688	9741068	1	0	F	0.35	2.01131838920849	loss	19381
PD62027a	1	9741283	23522150	2	1	F	0.35	2.01131838920849	gain	13780868
PD62027a	1	23524599	160186618	1	1	F	0.35	2.01131838920849	neutral	136662020
PD62027a	1	160190668	161791486	1	0	F	0.35	2.01131838920849	loss	1600819
PD62027a	1	161791522	248918428	1	1	F	0.35	2.01131838920849	neutral	87126907
PD62027a	2	41393	219207405	1	1	F	0.35	2.01131838920849	neutral	219166013
PD62027a	2	219207582	219237061	1	0	F	0.35	2.01131838920849	loss	29480
PD62027a	2	219237136	242004549	1	1	F	0.35	2.01131838920849	neutral	22767414
PD62027a	3	197630	198038561	1	1	F	0.35	2.01131838920849	neutral	197840932
PD62027a	4	85813	1366452	1	1	F	0.35	2.01131838920849	neutral	1280640
PD62027a	4	1375284	1394631	2	2	F	0.35	2.01131838920849	gain	19348
PD62027a	4	1394641	190025891	1	1	F	0.35	2.01131838920849	neutral	188631251
PD62027a	5	140238	181260906	1	1	F	0.35	2.01131838920849	neutral	181120669
PD62027a	6	203292	26184255	1	1	F	0.35	2.01131838920849	neutral	25980964
PD62027a	6	26184297	26405825	0	0	F	0.35	2.01131838920849	loss	221529
PD62027a	6	26405845	27867017	1	0	F	0.35	2.01131838920849	loss	1461173
PD62027a	6	27867056	27893904	0	0	F	0.35	2.01131838920849	loss	26849
PD62027a	6	27911277	31269023	1	1	F	0.35	2.01131838920849	neutral	3357747
PD62027a	6	31269031	31355288	0	0	F	0.35	2.01131838920849	loss	86258
PD62027a	6	31355339	33365783	1	0	F	0.35	2.01131838920849	loss	2010445
PD62027a	6	33365784	106451851	1	1	F	0.35	2.01131838920849	neutral	73086068
PD62027a	6	106511264	106511580	0	0	F	0.35	2.01131838920849	loss	317
PD62027a	6	106511867	170584376	1	1	F	0.35	2.01131838920849	neutral	64072510
PD62027a	7	193222	7452277	2	1	F	0.35	2.01131838920849	gain	7259056
PD62027a	7	7453364	100736324	1	1	F	0.35	2.01131838920849	neutral	93282961
PD62027a	7	100736522	100773851	2	2	F	0.35	2.01131838920849	gain	37330
PD62027a	7	100773857	100952551	2	1	F	0.35	2.01131838920849	gain	178695
PD62027a	7	100958932	101058052	2	2	F	0.35	2.01131838920849	gain	99121
PD62027a	7	101087711	159233344	1	1	F	0.35	2.01131838920849	neutral	58145634
PD62027a	8	232977	145054093	1	1	F	0.35	2.01131838920849	neutral	144821117
PD62027a	9	154795	138177317	1	1	F	0.35	2.01131838920849	neutral	138022523
PD62027a	10	49134	133168186	1	1	F	0.35	2.01131838920849	neutral	133119053
PD62027a	10	133168297	133230570	2	2	F	0.35	2.01131838920849	gain	62274
PD62027a	10	133230750	133625894	1	1	F	0.35	2.01131838920849	neutral	395145
PD62027a	11	197291	864336	1	0	F	0.35	2.01131838920849	loss	667046
PD62027a	11	864445	1258256	2	2	F	0.35	2.01131838920849	gain	393812
PD62027a	11	1258297	60873187	1	1	F	0.35	2.01131838920849	neutral	59614891
PD62027a	11	60874852	66365909	1	0	F	0.35	2.01131838920849	loss	5491058
PD62027a	11	66366172	67254592	1	1	F	0.35	2.01131838920849	neutral	888421
PD62027a	11	67254926	67663124	1	0	F	0.35	2.01131838920849	loss	408199
PD62027a	11	67663227	134986843	1	1	F	0.35	2.01131838920849	neutral	67323617
PD62027a	12	66973	6837815	1	1	F	0.35	2.01131838920849	neutral	6770843
PD62027a	12	6837833	6909785	0	0	F	0.35	2.01131838920849	loss	71953
PD62027a	12	6909787	133234532	1	1	F	0.35	2.01131838920849	neutral	126324746
PD62027a	13	19026300	114325924	1	1	F	0.35	2.01131838920849	neutral	95299625
PD62027a	14	19733402	22422750	1	1	F	0.35	2.01131838920849	neutral	2689349
PD62027a	14	22422801	22490615	3	2	F	0.35	2.01131838920849	gain	67815
PD62027a	14	22492775	22505055	0	0	F	0.35	2.01131838920849	loss	12281
PD62027a	14	22505082	22505082	2	0	F	0.35	2.01131838920849	neutral	1
PD62027a	14	22505159	22601618	0	0	F	0.35	2.01131838920849	loss	96460
PD62027a	14	22601773	24501802	1	0	F	0.35	2.01131838920849	loss	1900030
PD62027a	14	24505415	104474552	1	1	F	0.35	2.01131838920849	neutral	79969138
PD62027a	14	104474555	104588967	2	2	F	0.35	2.01131838920849	gain	114413
PD62027a	14	104591611	105865131	2	1	F	0.35	2.01131838920849	gain	1273521
PD62027a	14	105865141	105922254	4	0	F	0.35	2.01131838920849	gain	57114
PD62027a	14	105922523	106874913	1	1	F	0.35	2.01131838920849	neutral	952391
PD62027a	15	19964758	101849608	1	1	F	0.35	2.01131838920849	neutral	81884851
PD62027a	16	47354	634073	1	1	F	0.35	2.01131838920849	neutral	586720
PD62027a	16	634083	688064	1	0	F	0.35	2.01131838920849	loss	53982
PD62027a	16	689066	29331179	1	1	F	0.35	2.01131838920849	neutral	28642114
PD62027a	16	29331196	29830426	1	0	F	0.35	2.01131838920849	loss	499231
PD62027a	16	29830491	90094880	1	1	F	0.35	2.01131838920849	neutral	60264390
PD62027a	17	156162	7202872	1	1	F	0.35	2.01131838920849	neutral	7046711
PD62027a	17	7203059	7244307	0	0	F	0.35	2.01131838920849	loss	41249
PD62027a	17	7246140	7823985	1	0	F	0.35	2.01131838920849	loss	577846
PD62027a	17	7823986	7934722	0	0	F	0.35	2.01131838920849	loss	110737
PD62027a	17	7934934	8148803	1	0	F	0.35	2.01131838920849	loss	213870
PD62027a	17	8149152	8230805	0	0	F	0.35	2.01131838920849	loss	81654
PD62027a	17	8231196	63830607	1	1	F	0.35	2.01131838920849	neutral	55599412
PD62027a	17	63830611	63917769	1	0	F	0.35	2.01131838920849	loss	87159
PD62027a	17	63917810	83135891	1	1	F	0.35	2.01131838920849	neutral	19218082
PD62027a	18	120645	80202756	1	1	F	0.35	2.01131838920849	neutral	80082112
PD62027a	19	281360	16686569	1	1	F	0.35	2.01131838920849	neutral	16405210
PD62027a	19	16688116	16731314	3	2	F	0.35	2.01131838920849	gain	43199
PD62027a	19	16731367	23492962	1	1	F	0.35	2.01131838920849	neutral	6761596
PD62027a	19	23493103	35744530	2	0	F	0.35	2.01131838920849	neutral	12251428
PD62027a	19	35744754	35759941	0	0	F	0.35	2.01131838920849	loss	15188
PD62027a	19	35761981	42287365	2	0	F	0.35	2.01131838920849	neutral	6525385
PD62027a	19	42287842	42299910	1	0	F	0.35	2.01131838920849	loss	12069
PD62027a	19	42300060	49434059	2	0	F	0.35	2.01131838920849	neutral	7134000
PD62027a	19	49434565	49524783	1	0	F	0.35	2.01131838920849	loss	90219
PD62027a	19	49524813	52354217	2	0	F	0.35	2.01131838920849	neutral	2829405
PD62027a	19	52354323	54095339	3	1	F	0.35	2.01131838920849	gain	1741017
PD62027a	19	54095814	54465191	1	0	F	0.35	2.01131838920849	loss	369378
PD62027a	19	54465219	57159358	3	0	F	0.35	2.01131838920849	gain	2694140
PD62027a	19	57159437	58572521	2	0	F	0.35	2.01131838920849	neutral	1413085
PD62027a	20	87623	64273629	1	1	F	0.35	2.01131838920849	neutral	64186007
PD62027a	21	9068512	46664392	1	1	F	0.35	2.01131838920849	neutral	37595881
PD62027a	22	16572142	24583830	1	1	F	0.35	2.01131838920849	neutral	8011689
PD62027a	22	24585912	25902800	2	1	F	0.35	2.01131838920849	gain	1316889
PD62027a	22	25903535	42090761	1	1	F	0.35	2.01131838920849	neutral	16187227
PD62027a	22	42140302	49918958	2	1	F	0.35	2.01131838920849	gain	7778657
PD62027a	22	49919221	49962738	1	0	F	0.35	2.01131838920849	loss	43518
PD62027a	22	49962784	50145850	2	1	F	0.35	2.01131838920849	gain	183067
PD62027a	22	50146984	50780662	1	1	F	0.35	2.01131838920849	neutral	633679
PD62027a	X	284193	3322404	2	1	F	0.35	2.01131838920849	gain	3038212
PD62027a	X	3322578	156005528	1	1	F	0.35	2.01131838920849	neutral	152682951
PD62028c	1	826681	117942591	1	1	M	0.55	3.19409069832143	loss	117115911
PD62028c	1	117948311	121568263	4	1	M	0.55	3.19409069832143	gain	3619953
PD62028c	1	143544192	214451768	3	1	M	0.55	3.19409069832143	gain	70907577
PD62028c	1	214451881	214663525	5	2	M	0.55	3.19409069832143	gain	211645
PD62028c	1	214663767	248918428	3	1	M	0.55	3.19409069832143	gain	34254662
PD62028c	2	41404	88861181	3	0	M	0.55	3.19409069832143	neutral	88819778
PD62028c	2	88861183	88861407	4	1	M	0.55	3.19409069832143	gain	225
PD62028c	2	88861410	183131014	3	0	M	0.55	3.19409069832143	neutral	94269605
PD62028c	2	183133509	242004549	3	1	M	0.55	3.19409069832143	gain	58871041
PD62028c	3	319663	198038561	2	1	M	0.55	3.19409069832143	neutral	197718899
PD62028c	4	85813	190025891	1	1	M	0.55	3.19409069832143	loss	189940079
PD62028c	5	140359	45696148	5	1	M	0.55	3.19409069832143	gain	45555790
PD62028c	5	50399214	181260906	1	1	M	0.55	3.19409069832143	loss	130861693
PD62028c	6	203397	32356767	2	2	M	0.55	3.19409069832143	gain	32153371
PD62028c	6	32365219	32666763	2	1	M	0.55	3.19409069832143	neutral	301545
PD62028c	6	32741532	32746290	4	3	M	0.55	3.19409069832143	gain	4759
PD62028c	6	32746306	33085221	2	1	M	0.55	3.19409069832143	neutral	338916
PD62028c	6	33085303	67889105	3	2	M	0.55	3.19409069832143	gain	34803803
PD62028c	6	68638904	170584376	3	0	M	0.55	3.19409069832143	neutral	101945473
PD62028c	7	193222	159233184	2	1	M	0.55	3.19409069832143	neutral	159039963
PD62028c	8	232977	145054093	3	1	M	0.55	3.19409069832143	gain	144821117
PD62028c	9	214454	138175500	2	2	M	0.55	3.19409069832143	gain	137961047
PD62028c	10	49230	133625894	2	1	M	0.55	3.19409069832143	neutral	133576665
PD62028c	11	197291	99819645	1	1	M	0.55	3.19409069832143	loss	99622355
PD62028c	11	99819683	134986843	3	1	M	0.55	3.19409069832143	gain	35167161
PD62028c	12	66973	51471153	2	0	M	0.55	3.19409069832143	loss	51404181
PD62028c	12	51471184	52571432	3	0	M	0.55	3.19409069832143	neutral	1100249
PD62028c	12	52571456	133234349	2	0	M	0.55	3.19409069832143	loss	80662894
PD62028c	13	19026300	114325924	3	2	M	0.55	3.19409069832143	gain	95299625
PD62028c	14	19733402	106874913	2	1	M	0.55	3.19409069832143	neutral	87141512
PD62028c	15	19964758	20408806	3	0	M	0.55	3.19409069832143	neutral	444049
PD62028c	15	20669517	20671295	4	0	M	0.55	3.19409069832143	gain	1779
PD62028c	15	22225178	101849608	2	0	M	0.55	3.19409069832143	loss	79624431
PD62028c	16	47541	28506946	3	1	M	0.55	3.19409069832143	gain	28459406
PD62028c	16	28537995	35448034	2	1	M	0.55	3.19409069832143	neutral	6910040
PD62028c	16	46474402	90094880	3	1	M	0.55	3.19409069832143	gain	43620479
PD62028c	17	156162	83135891	3	0	M	0.55	3.19409069832143	neutral	82979730
PD62028c	18	120645	80202756	2	1	M	0.55	3.19409069832143	neutral	80082112
PD62028c	19	281383	58572521	3	1	M	0.55	3.19409069832143	gain	58291139
PD62028c	20	87623	64273492	4	2	M	0.55	3.19409069832143	gain	64185870
PD62028c	21	9068512	46664392	3	1	M	0.55	3.19409069832143	gain	37595881
PD62028c	22	16572142	50780662	2	1	M	0.55	3.19409069832143	neutral	34208521
PD62028c	X	284193	2738275	2	0	M	0.55	3.19409069832143	gain	2454083
PD62028c	X	2740742	2774703	3	0	M	0.55	3.19409069832143	gain	33962
PD62028c	X	2781927	155524613	1	0	M	0.55	3.19409069832143	loss	152742687
PD62028c	X	155773979	156005528	3	0	M	0.55	3.19409069832143	gain	231550
PD62031a	1	826681	160424220	1	1	M	0.51	1.98385596003844	neutral	159597540
PD62031a	1	160424383	160490754	1	0	M	0.51	1.98385596003844	loss	66372
PD62031a	1	160490774	169708568	1	1	M	0.51	1.98385596003844	neutral	9217795
PD62031a	1	169708781	169711588	0	0	M	0.51	1.98385596003844	loss	2808
PD62031a	1	169725777	248918428	1	1	M	0.51	1.98385596003844	neutral	79192652
PD62031a	2	41404	224885606	1	1	M	0.51	1.98385596003844	neutral	224844203
PD62031a	2	224885870	224983933	1	0	M	0.51	1.98385596003844	loss	98064
PD62031a	2	225010441	231594159	1	1	M	0.51	1.98385596003844	neutral	6583719
PD62031a	2	231707595	231712711	0	0	M	0.51	1.98385596003844	loss	5117
PD62031a	2	231712809	242004549	1	1	M	0.51	1.98385596003844	neutral	10291741
PD62031a	3	197664	198038561	1	1	M	0.51	1.98385596003844	neutral	197840898
PD62031a	4	85813	102674070	1	1	M	0.51	1.98385596003844	neutral	102588258
PD62031a	4	102689715	103096220	1	0	M	0.51	1.98385596003844	loss	406506
PD62031a	4	103106341	190025891	1	1	M	0.51	1.98385596003844	neutral	86919551
PD62031a	5	140238	96737924	1	1	M	0.51	1.98385596003844	neutral	96597687
PD62031a	5	96740603	100895893	1	0	M	0.51	1.98385596003844	loss	4155291
PD62031a	5	100900284	140850552	1	1	M	0.51	1.98385596003844	neutral	39950269
PD62031a	5	140850586	141303456	2	1	M	0.51	1.98385596003844	gain	452871
PD62031a	5	141303530	181260906	1	1	M	0.51	1.98385596003844	neutral	39957377
PD62031a	6	203397	26017148	1	1	M	0.51	1.98385596003844	neutral	25813752
PD62031a	6	26017235	26368115	0	0	M	0.51	1.98385596003844	loss	350881
PD62031a	6	26370235	26638275	1	0	M	0.51	1.98385596003844	loss	268041
PD62031a	6	27132233	27147705	0	0	M	0.51	1.98385596003844	loss	15473
PD62031a	6	27247827	27324974	2	1	M	0.51	1.98385596003844	gain	77148
PD62031a	6	27325149	27814232	1	0	M	0.51	1.98385596003844	loss	489084
PD62031a	6	27814235	27893904	0	0	M	0.51	1.98385596003844	loss	79670
PD62031a	6	27911277	32637511	1	1	M	0.51	1.98385596003844	neutral	4726235
PD62031a	6	32637518	33593087	1	0	M	0.51	1.98385596003844	loss	955570
PD62031a	6	33593119	106451851	1	1	M	0.51	1.98385596003844	neutral	72858733
PD62031a	6	106511264	106539286	0	0	M	0.51	1.98385596003844	loss	28023
PD62031a	6	106539367	170584376	1	1	M	0.51	1.98385596003844	neutral	64045010
PD62031a	7	193222	43619779	1	1	M	0.51	1.98385596003844	neutral	43426558
PD62031a	7	43623465	43648635	0	0	M	0.51	1.98385596003844	loss	25171
PD62031a	7	43771096	100405149	1	1	M	0.51	1.98385596003844	neutral	56634054
PD62031a	7	100406771	100575429	1	0	M	0.51	1.98385596003844	loss	168659
PD62031a	7	100575559	100952551	1	1	M	0.51	1.98385596003844	neutral	376993
PD62031a	7	100958932	101058007	2	2	M	0.51	1.98385596003844	gain	99076
PD62031a	7	101058052	150959828	1	1	M	0.51	1.98385596003844	neutral	49901777
PD62031a	7	150974681	150996597	1	0	M	0.51	1.98385596003844	loss	21917
PD62031a	7	150996614	159233344	1	1	M	0.51	1.98385596003844	neutral	8236731
PD62031a	8	232977	33509735	1	1	M	0.51	1.98385596003844	neutral	33276759
PD62031a	8	33509857	33550931	0	0	M	0.51	1.98385596003844	loss	41075
PD62031a	8	33551162	145054093	1	1	M	0.51	1.98385596003844	neutral	111502932
PD62031a	9	154795	138177303	1	1	M	0.51	1.98385596003844	neutral	138022509
PD62031a	10	49134	133625894	1	1	M	0.51	1.98385596003844	neutral	133576761
PD62031a	11	197291	320411	1	0	M	0.51	1.98385596003844	loss	123121
PD62031a	11	369796	619671	1	1	M	0.51	1.98385596003844	neutral	249876
PD62031a	11	619761	636706	2	2	M	0.51	1.98385596003844	gain	16946
PD62031a	11	637451	6319733	1	1	M	0.51	1.98385596003844	neutral	5682283
PD62031a	11	6320018	6720097	1	0	M	0.51	1.98385596003844	loss	400080
PD62031a	11	6767901	62560566	1	1	M	0.51	1.98385596003844	neutral	55792666
PD62031a	11	62566624	62856531	1	0	M	0.51	1.98385596003844	loss	289908
PD62031a	11	62870849	65132390	1	1	M	0.51	1.98385596003844	neutral	2261542
PD62031a	11	65132686	65133670	0	0	M	0.51	1.98385596003844	loss	985
PD62031a	11	65170212	65466338	2	0	M	0.51	1.98385596003844	neutral	296127
PD62031a	11	65497787	65506289	0	0	M	0.51	1.98385596003844	loss	8503
PD62031a	11	65525114	66515549	1	0	M	0.51	1.98385596003844	loss	990436
PD62031a	11	66515633	134986843	1	1	M	0.51	1.98385596003844	neutral	68471211
PD62031a	12	66973	558756	1	1	M	0.51	1.98385596003844	neutral	491784
PD62031a	12	559189	643107	1	0	M	0.51	1.98385596003844	loss	83919
PD62031a	12	643161	6960179	1	1	M	0.51	1.98385596003844	neutral	6317019
PD62031a	12	6960264	6974291	0	0	M	0.51	1.98385596003844	loss	14028
PD62031a	12	6975270	133234532	1	1	M	0.51	1.98385596003844	neutral	126259263
PD62031a	13	19026300	114325924	1	1	M	0.51	1.98385596003844	neutral	95299625
PD62031a	14	19097607	24100074	1	1	M	0.51	1.98385596003844	neutral	5002468
PD62031a	14	24100195	24194648	1	0	M	0.51	1.98385596003844	loss	94454
PD62031a	14	24195032	105707884	1	1	M	0.51	1.98385596003844	neutral	81512853
PD62031a	14	105707924	105855427	1	0	M	0.51	1.98385596003844	loss	147504
PD62031a	14	105855447	105856156	0	0	M	0.51	1.98385596003844	loss	710
PD62031a	14	105859607	106874913	1	1	M	0.51	1.98385596003844	neutral	1015307
PD62031a	15	19964758	43696327	1	1	M	0.51	1.98385596003844	neutral	23731570
PD62031a	15	43696375	43766134	2	1	M	0.51	1.98385596003844	gain	69760
PD62031a	15	43766740	66520503	1	1	M	0.51	1.98385596003844	neutral	22753764
PD62031a	15	66520658	81225631	2	1	M	0.51	1.98385596003844	gain	14704974
PD62031a	15	81265704	81290527	1	0	M	0.51	1.98385596003844	loss	24824
PD62031a	15	81291679	92796479	2	1	M	0.51	1.98385596003844	gain	11504801
PD62031a	15	92796518	92904992	0	0	M	0.51	1.98385596003844	loss	108475
PD62031a	15	92924481	101849608	2	1	M	0.51	1.98385596003844	gain	8925128
PD62031a	16	47541	67457677	1	1	M	0.51	1.98385596003844	neutral	67410137
PD62031a	16	67480876	67658583	1	0	M	0.51	1.98385596003844	loss	177708
PD62031a	16	67658860	90075852	1	1	M	0.51	1.98385596003844	neutral	22416993
PD62031a	17	156162	2690790	1	1	M	0.51	1.98385596003844	neutral	2534629
PD62031a	17	2691601	2694423	2	1	M	0.51	1.98385596003844	gain	2823
PD62031a	17	2694429	63657973	1	1	M	0.51	1.98385596003844	neutral	60963545
PD62031a	17	63667032	64537014	1	0	M	0.51	1.98385596003844	loss	869983
PD62031a	17	64546379	76084362	1	1	M	0.51	1.98385596003844	neutral	11537984
PD62031a	17	76084461	76270241	1	0	M	0.51	1.98385596003844	loss	185781
PD62031a	17	76270513	83135891	1	1	M	0.51	1.98385596003844	neutral	6865379
PD62031a	18	120645	49590450	1	1	M	0.51	1.98385596003844	neutral	49469806
PD62031a	18	49785143	80202756	1	0	M	0.51	1.98385596003844	loss	30417614
PD62031a	19	281468	8698356	1	1	M	0.51	1.98385596003844	neutral	8416889
PD62031a	19	8698472	10058629	2	1	M	0.51	1.98385596003844	gain	1360158
PD62031a	19	10058801	39329602	1	1	M	0.51	1.98385596003844	neutral	29270802
PD62031a	19	39329668	39409613	1	0	M	0.51	1.98385596003844	loss	79946
PD62031a	19	39409649	49202092	1	1	M	0.51	1.98385596003844	neutral	9792444
PD62031a	19	49202158	49211114	2	1	M	0.51	1.98385596003844	gain	8957
PD62031a	19	49211240	58572521	1	1	M	0.51	1.98385596003844	neutral	9361282
PD62031a	20	87623	59207095	1	1	M	0.51	1.98385596003844	neutral	59119473
PD62031a	20	59253079	59321077	1	0	M	0.51	1.98385596003844	loss	67999
PD62031a	20	59321176	64273629	1	1	M	0.51	1.98385596003844	neutral	4952454
PD62031a	21	9068512	46664392	1	1	M	0.51	1.98385596003844	neutral	37595881
PD62031a	22	16572142	50780662	1	1	M	0.51	1.98385596003844	neutral	34208521
PD62031a	X	284193	2774703	2	0	M	0.51	1.98385596003844	gain	2490511
PD62031a	X	2781927	136511853	1	0	M	0.51	1.98385596003844	neutral	133729927
PD62031a	X	136512040	136879545	0	0	M	0.51	1.98385596003844	loss	367506
PD62031a	X	137030450	155545046	1	0	M	0.51	1.98385596003844	neutral	18514597
PD62031a	X	155773979	156005413	3	0	M	0.51	1.98385596003844	gain	231435
PD62033a	1	826681	248918428	1	1	M	1	2.02093701202659	neutral	248091748
PD62033a	2	41393	242004549	1	1	M	1	2.02093701202659	neutral	241963157
PD62033a	3	197630	198038561	1	1	M	1	2.02093701202659	neutral	197840932
PD62033a	4	85813	190025891	1	1	M	1	2.02093701202659	neutral	189940079
PD62033a	5	140238	181260906	1	1	M	1	2.02093701202659	neutral	181120669
PD62033a	6	203397	170584376	1	1	M	1	2.02093701202659	neutral	170380980
PD62033a	7	193222	159233344	1	1	M	1	2.02093701202659	neutral	159040123
PD62033a	8	232977	145054093	2	1	M	1	2.02093701202659	gain	144821117
PD62033a	9	154795	138177317	1	1	M	1	2.02093701202659	neutral	138022523
PD62033a	10	49156	133625894	1	1	M	1	2.02093701202659	neutral	133576739
PD62033a	11	197291	134986843	1	1	M	1	2.02093701202659	neutral	134789553
PD62033a	12	66973	133234349	1	1	M	1	2.02093701202659	neutral	133167377
PD62033a	13	19026300	114325924	1	1	M	1	2.02093701202659	neutral	95299625
PD62033a	14	19097559	106874913	1	1	M	1	2.02093701202659	neutral	87777355
PD62033a	15	19964758	101849608	1	1	M	1	2.02093701202659	neutral	81884851
PD62033a	16	47541	90094793	1	1	M	1	2.02093701202659	neutral	90047253
PD62033a	17	156162	83135891	1	1	M	1	2.02093701202659	neutral	82979730
PD62033a	18	117381	80202756	1	1	M	1	2.02093701202659	neutral	80085376
PD62033a	19	281376	58572521	1	1	M	1	2.02093701202659	neutral	58291146
PD62033a	20	87623	64273492	1	1	M	1	2.02093701202659	neutral	64185870
PD62033a	21	9068512	46664392	1	1	M	1	2.02093701202659	neutral	37595881
PD62033a	22	16572142	50780662	1	1	M	1	2.02093701202659	neutral	34208521
PD62033a	X	284193	2774703	1	1	M	1	2.02093701202659	gain	2490511
PD62033a	X	2781927	155545046	1	0	M	1	2.02093701202659	neutral	152763120
PD62033a	X	155773979	156005413	2	0	M	1	2.02093701202659	gain	231435
PD62034a	1	826681	30715242	1	0	F	0.81	1.97103659022328	loss	29888562
PD62034a	1	30716054	248918428	1	1	F	0.81	1.97103659022328	neutral	218202375
PD62034a	2	41366	242004549	1	1	F	0.81	1.97103659022328	neutral	241963184
PD62034a	3	197664	198038794	1	1	F	0.81	1.97103659022328	neutral	197841131
PD62034a	4	85813	190025891	1	1	F	0.81	1.97103659022328	neutral	189940079
PD62034a	5	140238	50795336	1	1	F	0.81	1.97103659022328	neutral	50655099
PD62034a	5	50796951	180015475	2	0	F	0.81	1.97103659022328	neutral	129218525
PD62034a	5	180040721	180136368	1	0	F	0.81	1.97103659022328	loss	95648
PD62034a	5	180136369	181260906	2	0	F	0.81	1.97103659022328	neutral	1124538
PD62034a	6	203397	93358263	1	1	F	0.81	1.97103659022328	neutral	93154867
PD62034a	6	93410474	124355504	1	0	F	0.81	1.97103659022328	loss	30945031
PD62034a	6	124437824	170584376	1	1	F	0.81	1.97103659022328	neutral	46146553
PD62034a	7	193222	159233344	1	1	F	0.81	1.97103659022328	neutral	159040123
PD62034a	8	232977	145054093	1	1	F	0.81	1.97103659022328	neutral	144821117
PD62034a	9	154795	138177328	1	1	F	0.81	1.97103659022328	neutral	138022534
PD62034a	10	49156	133625473	1	1	F	0.81	1.97103659022328	neutral	133576318
PD62034a	11	197291	134986843	1	1	F	0.81	1.97103659022328	neutral	134789553
PD62034a	12	66973	133234349	1	1	F	0.81	1.97103659022328	neutral	133167377
PD62034a	13	19026300	114325924	1	1	F	0.81	1.97103659022328	neutral	95299625
PD62034a	14	19733402	106874913	1	1	F	0.81	1.97103659022328	neutral	87141512
PD62034a	15	19964758	101849608	1	1	F	0.81	1.97103659022328	neutral	81884851
PD62034a	16	47354	90094880	1	1	F	0.81	1.97103659022328	neutral	90047527
PD62034a	17	156162	83135891	1	1	F	0.81	1.97103659022328	neutral	82979730
PD62034a	18	117381	80202756	1	1	F	0.81	1.97103659022328	neutral	80085376
PD62034a	19	281376	58572521	1	1	F	0.81	1.97103659022328	neutral	58291146
PD62034a	20	87623	64273492	1	1	F	0.81	1.97103659022328	neutral	64185870
PD62034a	21	9068512	46664392	1	1	F	0.81	1.97103659022328	neutral	37595881
PD62034a	22	16572142	50780662	1	1	F	0.81	1.97103659022328	neutral	34208521
PD62034a	X	284193	156005528	1	1	F	0.81	1.97103659022328	neutral	155721336
PD62037a	1	69511	1419540	1	1	M	1	1.98216770811226	neutral	1350030
PD62037a	1	1419595	1522770	2	1	M	1	1.98216770811226	gain	103176
PD62037a	1	1522857	88981735	1	1	M	1	1.98216770811226	neutral	87458879
PD62037a	1	88982936	89009397	1	0	M	1	1.98216770811226	loss	26462
PD62037a	1	89009452	119895954	1	1	M	1	1.98216770811226	neutral	30886503
PD62037a	1	119896204	121568263	2	0	M	1	1.98216770811226	neutral	1672060
PD62037a	1	143544124	145926584	1	1	M	1	1.98216770811226	neutral	2382461
PD62037a	1	145926792	145996373	1	0	M	1	1.98216770811226	loss	69582
PD62037a	1	146018429	248918428	1	1	M	1	1.98216770811226	neutral	102900000
PD62037a	2	41393	88729146	1	1	M	1	1.98216770811226	neutral	88687754
PD62037a	2	88729470	88885928	1	0	M	1	1.98216770811226	loss	156459
PD62037a	2	88885942	242004549	1	1	M	1	1.98216770811226	neutral	153118608
PD62037a	3	197664	50349279	1	1	M	1	1.98216770811226	neutral	50151616
PD62037a	3	50349908	50367321	1	0	M	1	1.98216770811226	loss	17414
PD62037a	3	50367594	198038561	1	1	M	1	1.98216770811226	neutral	147670968
PD62037a	4	85813	10026120	1	1	M	1	1.98216770811226	neutral	9940308
PD62037a	4	10075496	10444820	1	0	M	1	1.98216770811226	loss	369325
PD62037a	4	10445268	190025891	1	1	M	1	1.98216770811226	neutral	179580624
PD62037a	5	140238	181260906	1	1	M	1	1.98216770811226	neutral	181120669
PD62037a	6	203397	26017282	1	1	M	1	1.98216770811226	neutral	25813886
PD62037a	6	26017314	26365199	1	0	M	1	1.98216770811226	loss	347886
PD62037a	6	26365358	27472365	1	1	M	1	1.98216770811226	neutral	1107008
PD62037a	6	27807473	27911511	1	0	M	1	1.98216770811226	loss	104039
PD62037a	6	27911582	29890630	1	1	M	1	1.98216770811226	neutral	1979049
PD62037a	6	29942547	29945672	1	0	M	1	1.98216770811226	loss	3126
PD62037a	6	29975065	31170600	2	0	M	1	1.98216770811226	neutral	1195536
PD62037a	6	31197661	31357279	1	0	M	1	1.98216770811226	loss	159619
PD62037a	6	31403553	32460169	2	0	M	1	1.98216770811226	neutral	1056617
PD62037a	6	32460207	32666699	1	0	M	1	1.98216770811226	loss	206493
PD62037a	6	32666708	32813371	3	0	M	1	1.98216770811226	gain	146664
PD62037a	6	32813572	170584376	1	1	M	1	1.98216770811226	neutral	137770805
PD62037a	7	193222	74112045	1	1	M	1	1.98216770811226	neutral	73918824
PD62037a	7	74112129	74388973	2	1	M	1	1.98216770811226	gain	276845
PD62037a	7	74389016	100737280	1	1	M	1	1.98216770811226	neutral	26348265
PD62037a	7	100737428	100867817	2	1	M	1	1.98216770811226	gain	130390
PD62037a	7	100867997	100890209	1	0	M	1	1.98216770811226	loss	22213
PD62037a	7	100891017	101009103	2	1	M	1	1.98216770811226	gain	118087
PD62037a	7	101012232	159233344	1	1	M	1	1.98216770811226	neutral	58221113
PD62037a	8	232977	143925888	1	1	M	1	1.98216770811226	neutral	143692912
PD62037a	8	143926722	143935035	1	0	M	1	1.98216770811226	loss	8314
PD62037a	8	143935188	145054093	1	1	M	1	1.98216770811226	neutral	1118906
PD62037a	9	154795	138177328	1	1	M	1	1.98216770811226	neutral	138022534
PD62037a	10	49134	133625894	1	1	M	1	1.98216770811226	neutral	133576761
PD62037a	11	197291	65079716	1	1	M	1	1.98216770811226	neutral	64882426
PD62037a	11	65083833	65088821	1	0	M	1	1.98216770811226	loss	4989
PD62037a	11	65089011	65853252	1	1	M	1	1.98216770811226	neutral	764242
PD62037a	11	65853330	65920104	1	0	M	1	1.98216770811226	loss	66775
PD62037a	11	65920198	66315792	1	1	M	1	1.98216770811226	neutral	395595
PD62037a	11	66315798	66316496	1	0	M	1	1.98216770811226	loss	699
PD62037a	11	66316685	70661552	1	1	M	1	1.98216770811226	neutral	4344868
PD62037a	11	70698679	71118844	2	1	M	1	1.98216770811226	gain	420166
PD62037a	11	71118855	122981641	1	1	M	1	1.98216770811226	neutral	51862787
PD62037a	11	123057914	123074659	1	0	M	1	1.98216770811226	loss	16746
PD62037a	11	123074859	134202760	1	1	M	1	1.98216770811226	neutral	11127902
PD62037a	11	134202875	134282308	1	0	M	1	1.98216770811226	loss	79434
PD62037a	11	134282316	134986843	1	1	M	1	1.98216770811226	neutral	704528
PD62037a	12	66973	6936737	1	1	M	1	1.98216770811226	neutral	6869765
PD62037a	12	6936740	6971024	1	0	M	1	1.98216770811226	loss	34285
PD62037a	12	6974291	133234349	1	1	M	1	1.98216770811226	neutral	126260059
PD62037a	13	19026300	114325924	1	1	M	1	1.98216770811226	neutral	95299625
PD62037a	14	19733402	22494697	1	1	M	1	1.98216770811226	neutral	2761296
PD62037a	14	22494850	22589172	1	0	M	1	1.98216770811226	loss	94323
PD62037a	14	22589178	49846274	1	1	M	1	1.98216770811226	neutral	27257097
PD62037a	14	49846305	50002878	1	0	M	1	1.98216770811226	loss	156574
PD62037a	14	50002910	105855988	1	1	M	1	1.98216770811226	neutral	55853079
PD62037a	14	105856024	105864357	1	0	M	1	1.98216770811226	loss	8334
PD62037a	14	105864508	105881513	2	1	M	1	1.98216770811226	gain	17006
PD62037a	14	105881530	106874913	1	1	M	1	1.98216770811226	neutral	993384
PD62037a	15	19964758	43535189	1	1	M	1	1.98216770811226	neutral	23570432
PD62037a	15	43558683	43732696	3	0	M	1	1.98216770811226	gain	174014
PD62037a	15	43736954	81278736	1	1	M	1	1.98216770811226	neutral	37541783
PD62037a	15	81278810	81322585	1	0	M	1	1.98216770811226	loss	43776
PD62037a	15	81322821	101849608	1	1	M	1	1.98216770811226	neutral	20526788
PD62037a	16	47541	29802913	1	1	M	1	1.98216770811226	neutral	29755373
PD62037a	16	29802941	29811133	1	0	M	1	1.98216770811226	loss	8193
PD62037a	16	29811520	67341792	1	1	M	1	1.98216770811226	neutral	37530273
PD62037a	16	67341846	67443047	2	1	M	1	1.98216770811226	gain	101202
PD62037a	16	67452420	81156735	1	1	M	1	1.98216770811226	neutral	13704316
PD62037a	16	81156786	81215111	2	1	M	1	1.98216770811226	gain	58326
PD62037a	16	81215140	90094880	1	1	M	1	1.98216770811226	neutral	8879741
PD62037a	17	156162	7823347	1	1	M	1	1.98216770811226	neutral	7667186
PD62037a	17	7823985	7890654	1	0	M	1	1.98216770811226	loss	66670
PD62037a	17	7890786	8115749	1	1	M	1	1.98216770811226	neutral	224964
PD62037a	17	8116742	8190006	1	0	M	1	1.98216770811226	loss	73265
PD62037a	17	8190161	64505955	1	1	M	1	1.98216770811226	neutral	56315795
PD62037a	17	64505962	64507282	1	0	M	1	1.98216770811226	loss	1321
PD62037a	17	64509970	83135891	1	1	M	1	1.98216770811226	neutral	18625922
PD62037a	18	120645	80202756	1	1	M	1	1.98216770811226	neutral	80082112
PD62037a	19	281376	4268515	1	1	M	1	1.98216770811226	neutral	3987140
PD62037a	19	4268546	4297921	2	1	M	1	1.98216770811226	gain	29376
PD62037a	19	4297950	35831368	1	1	M	1	1.98216770811226	neutral	31533419
PD62037a	19	35831414	35869738	2	1	M	1	1.98216770811226	gain	38325
PD62037a	19	35870907	38425892	1	1	M	1	1.98216770811226	neutral	2554986
PD62037a	19	38426096	38458323	2	1	M	1	1.98216770811226	gain	32228
PD62037a	19	38458462	40850292	1	1	M	1	1.98216770811226	neutral	2391831
PD62037a	19	40850341	41197888	2	1	M	1	1.98216770811226	gain	347548
PD62037a	19	41198399	42589382	1	1	M	1	1.98216770811226	neutral	1390984
PD62037a	19	42589566	43026321	2	1	M	1	1.98216770811226	gain	436756
PD62037a	19	43026340	50324103	1	1	M	1	1.98216770811226	neutral	7297764
PD62037a	19	50333728	50333874	1	0	M	1	1.98216770811226	loss	147
PD62037a	19	50333944	53571727	1	1	M	1	1.98216770811226	neutral	3237784
PD62037a	19	53571773	53577967	1	0	M	1	1.98216770811226	loss	6195
PD62037a	19	53601256	53754151	2	1	M	1	1.98216770811226	gain	152896
PD62037a	19	53756714	58514261	1	1	M	1	1.98216770811226	neutral	4757548
PD62037a	19	58514318	58572521	1	0	M	1	1.98216770811226	loss	58204
PD62037a	20	87623	64273629	1	1	M	1	1.98216770811226	neutral	64186007
PD62037a	21	9068512	46664523	1	1	M	1	1.98216770811226	neutral	37596012
PD62037a	22	16572142	50780662	1	1	M	1	1.98216770811226	neutral	34208521
PD62037a	X	284193	2774703	2	0	M	1	1.98216770811226	gain	2490511
PD62037a	X	2781927	155545046	1	0	M	1	1.98216770811226	neutral	152763120
PD62037a	X	155773979	156005413	2	0	M	1	1.98216770811226	gain	231435
PD62037c	1	69511	26035357	1	1	M	0.56	1.97354211925486	neutral	25965847
PD62037c	1	26038883	26161664	2	1	M	0.56	1.97354211925486	gain	122782
PD62037c	1	26161673	119895954	1	1	M	0.56	1.97354211925486	neutral	93734282
PD62037c	1	119896204	121568263	1	0	M	0.56	1.97354211925486	loss	1672060
PD62037c	1	143544124	248918428	1	1	M	0.56	1.97354211925486	neutral	105374305
PD62037c	2	41393	88812490	1	1	M	0.56	1.97354211925486	neutral	88771098
PD62037c	2	88857435	88886089	0	0	M	0.56	1.97354211925486	loss	28655
PD62037c	2	88886095	218745155	1	1	M	0.56	1.97354211925486	neutral	129859061
PD62037c	2	218745272	219022231	2	1	M	0.56	1.97354211925486	gain	276960
PD62037c	2	219022328	242004549	1	1	M	0.56	1.97354211925486	neutral	22982222
PD62037c	3	197664	48609111	1	1	M	0.56	1.97354211925486	neutral	48411448
PD62037c	3	48609118	48633095	2	1	M	0.56	1.97354211925486	gain	23978
PD62037c	3	48633394	50349279	1	1	M	0.56	1.97354211925486	neutral	1715886
PD62037c	3	50349908	50365898	0	0	M	0.56	1.97354211925486	loss	15991
PD62037c	3	50367321	198038561	1	1	M	0.56	1.97354211925486	neutral	147671241
PD62037c	4	85813	190025891	1	1	M	0.56	1.97354211925486	neutral	189940079
PD62037c	5	140238	151212938	1	1	M	0.56	1.97354211925486	neutral	151072701
PD62037c	5	151215512	151277480	1	0	M	0.56	1.97354211925486	loss	61969
PD62037c	5	151277569	181260906	1	1	M	0.56	1.97354211925486	neutral	29983338
PD62037c	6	203397	26017235	1	1	M	0.56	1.97354211925486	neutral	25813839
PD62037c	6	26017282	26285531	0	0	M	0.56	1.97354211925486	loss	268250
PD62037c	6	26285639	27911511	1	0	M	0.56	1.97354211925486	loss	1625873
PD62037c	6	27911582	29890494	1	1	M	0.56	1.97354211925486	neutral	1978913
PD62037c	6	29890513	29945322	0	0	M	0.56	1.97354211925486	loss	54810
PD62037c	6	29945334	31170600	2	0	M	0.56	1.97354211925486	neutral	1225267
PD62037c	6	31197661	31357279	0	0	M	0.56	1.97354211925486	loss	159619
PD62037c	6	31403553	32460225	2	0	M	0.56	1.97354211925486	neutral	1056673
PD62037c	6	32641261	32641349	0	0	M	0.56	1.97354211925486	loss	89
PD62037c	6	32641370	32666699	1	0	M	0.56	1.97354211925486	loss	25330
PD62037c	6	32666708	170584376	1	1	M	0.56	1.97354211925486	neutral	137917669
PD62037c	7	193222	74112045	1	1	M	0.56	1.97354211925486	neutral	73918824
PD62037c	7	74112129	74388973	2	1	M	0.56	1.97354211925486	gain	276845
PD62037c	7	74389016	100736324	1	1	M	0.56	1.97354211925486	neutral	26347309
PD62037c	7	100736522	100867817	2	1	M	0.56	1.97354211925486	gain	131296
PD62037c	7	100867997	100896581	1	0	M	0.56	1.97354211925486	loss	28585
PD62037c	7	100896703	101018507	2	1	M	0.56	1.97354211925486	gain	121805
PD62037c	7	101018742	142802699	1	1	M	0.56	1.97354211925486	neutral	41783958
PD62037c	7	142802725	142813406	1	0	M	0.56	1.97354211925486	loss	10682
PD62037c	7	142863497	159233344	1	1	M	0.56	1.97354211925486	neutral	16369848
PD62037c	8	232977	10610118	1	1	M	0.56	1.97354211925486	neutral	10377142
PD62037c	8	10610119	10725996	2	1	M	0.56	1.97354211925486	gain	115878
PD62037c	8	10726104	143926730	1	1	M	0.56	1.97354211925486	neutral	133200627
PD62037c	8	143926768	143992718	1	0	M	0.56	1.97354211925486	loss	65951
PD62037c	8	143992920	145054093	1	1	M	0.56	1.97354211925486	neutral	1061174
PD62037c	9	154795	138177328	1	1	M	0.56	1.97354211925486	neutral	138022534
PD62037c	10	49134	133625894	1	1	M	0.56	1.97354211925486	neutral	133576761
PD62037c	11	197291	617452	1	0	M	0.56	1.97354211925486	loss	420162
PD62037c	11	617507	65079716	1	1	M	0.56	1.97354211925486	neutral	64462210
PD62037c	11	65083833	66316496	1	0	M	0.56	1.97354211925486	loss	1232664
PD62037c	11	66316685	70661552	1	1	M	0.56	1.97354211925486	neutral	4344868
PD62037c	11	70698679	71435149	2	1	M	0.56	1.97354211925486	gain	736471
PD62037c	11	71435183	123058021	1	1	M	0.56	1.97354211925486	neutral	51622839
PD62037c	11	123058065	123073708	0	0	M	0.56	1.97354211925486	loss	15644
PD62037c	11	123074659	134986843	1	1	M	0.56	1.97354211925486	neutral	11912185
PD62037c	12	66973	6937980	1	1	M	0.56	1.97354211925486	neutral	6871008
PD62037c	12	6938398	6974291	0	0	M	0.56	1.97354211925486	loss	35894
PD62037c	12	6975270	7210337	1	1	M	0.56	1.97354211925486	neutral	235068
PD62037c	12	7304476	7503619	2	1	M	0.56	1.97354211925486	gain	199144
PD62037c	12	7503667	49188276	1	1	M	0.56	1.97354211925486	neutral	41684610
PD62037c	12	49188402	49189036	0	0	M	0.56	1.97354211925486	loss	635
PD62037c	12	49227942	133234349	1	1	M	0.56	1.97354211925486	neutral	84006408
PD62037c	13	19026300	114325924	1	1	M	0.56	1.97354211925486	neutral	95299625
PD62037c	14	19733402	20243838	2	1	M	0.56	1.97354211925486	gain	510437
PD62037c	14	20289569	24431942	1	1	M	0.56	1.97354211925486	neutral	4142374
PD62037c	14	24432043	24501543	1	0	M	0.56	1.97354211925486	loss	69501
PD62037c	14	24501586	103764609	1	1	M	0.56	1.97354211925486	neutral	79263024
PD62037c	14	103778657	104166985	2	1	M	0.56	1.97354211925486	gain	388329
PD62037c	14	104166988	105625335	1	1	M	0.56	1.97354211925486	neutral	1458348
PD62037c	14	105625360	105864261	0	0	M	0.56	1.97354211925486	loss	238902
PD62037c	14	105864263	105881513	1	1	M	0.56	1.97354211925486	neutral	17251
PD62037c	14	105881530	106874913	1	0	M	0.56	1.97354211925486	loss	993384
PD62037c	15	19964758	22572910	2	1	M	0.56	1.97354211925486	gain	2608153
PD62037c	15	22572924	81279025	1	1	M	0.56	1.97354211925486	neutral	58706102
PD62037c	15	81279508	81339352	1	0	M	0.56	1.97354211925486	loss	59845
PD62037c	15	81339522	101849608	1	1	M	0.56	1.97354211925486	neutral	20510087
PD62037c	16	47541	29355883	1	1	M	0.56	1.97354211925486	neutral	29308343
PD62037c	16	29613209	29811529	1	0	M	0.56	1.97354211925486	loss	198321
PD62037c	16	29811552	81156735	1	1	M	0.56	1.97354211925486	neutral	51345184
PD62037c	16	81156786	81215111	2	1	M	0.56	1.97354211925486	gain	58326
PD62037c	16	81215140	90094880	1	1	M	0.56	1.97354211925486	neutral	8879741
PD62037c	17	156162	7819439	1	1	M	0.56	1.97354211925486	neutral	7663278
PD62037c	17	7823347	7889067	1	0	M	0.56	1.97354211925486	loss	65721
PD62037c	17	7889147	8117819	1	1	M	0.56	1.97354211925486	neutral	228673
PD62037c	17	8118038	8190006	0	0	M	0.56	1.97354211925486	loss	71969
PD62037c	17	8190161	64505955	1	1	M	0.56	1.97354211925486	neutral	56315795
PD62037c	17	64505962	64510305	0	0	M	0.56	1.97354211925486	loss	4344
PD62037c	17	64514379	76948754	1	1	M	0.56	1.97354211925486	neutral	12434376
PD62037c	17	77089148	78175727	1	0	M	0.56	1.97354211925486	loss	1086580
PD62037c	17	78182460	83135891	1	1	M	0.56	1.97354211925486	neutral	4953432
PD62037c	18	120645	72867313	1	1	M	0.56	1.97354211925486	neutral	72746669
PD62037c	18	73774840	80202756	1	0	M	0.56	1.97354211925486	loss	6427917
PD62037c	19	281376	3964063	1	1	M	0.56	1.97354211925486	neutral	3682688
PD62037c	19	3964450	3976551	2	1	M	0.56	1.97354211925486	gain	12102
PD62037c	19	3976601	4013324	1	0	M	0.56	1.97354211925486	loss	36724
PD62037c	19	4013391	11867315	1	1	M	0.56	1.97354211925486	neutral	7853925
PD62037c	19	11867842	12112880	1	0	M	0.56	1.97354211925486	loss	245039
PD62037c	19	12112888	40850292	1	1	M	0.56	1.97354211925486	neutral	28737405
PD62037c	19	40850341	40900156	2	1	M	0.56	1.97354211925486	gain	49816
PD62037c	19	40908432	41197888	2	2	M	0.56	1.97354211925486	gain	289457
PD62037c	19	41198399	42589578	1	1	M	0.56	1.97354211925486	neutral	1391180
PD62037c	19	42593712	43026321	2	2	M	0.56	1.97354211925486	gain	432610
PD62037c	19	43026340	50323963	1	1	M	0.56	1.97354211925486	neutral	7297624
PD62037c	19	50323969	50333874	1	0	M	0.56	1.97354211925486	loss	9906
PD62037c	19	50333944	53577967	1	1	M	0.56	1.97354211925486	neutral	3244024
PD62037c	19	53601256	53754151	2	2	M	0.56	1.97354211925486	gain	152896
PD62037c	19	53756714	56815353	1	1	M	0.56	1.97354211925486	neutral	3058640
PD62037c	19	56815384	57193946	2	1	M	0.56	1.97354211925486	gain	378563
PD62037c	19	57194057	58517700	1	1	M	0.56	1.97354211925486	neutral	1323644
PD62037c	19	58517766	58572521	1	0	M	0.56	1.97354211925486	loss	54756
PD62037c	20	87623	64273629	1	1	M	0.56	1.97354211925486	neutral	64186007
PD62037c	21	9068512	46664523	1	1	M	0.56	1.97354211925486	neutral	37596012
PD62037c	22	16572142	50780662	1	1	M	0.56	1.97354211925486	neutral	34208521
PD62037c	X	284193	2789693	2	0	M	0.56	1.97354211925486	gain	2505501
PD62037c	X	2794620	155545046	1	0	M	0.56	1.97354211925486	neutral	152750427
PD62037c	X	155773979	156005413	2	0	M	0.56	1.97354211925486	gain	231435
PD62038a	1	69511	160637150	1	1	M	0.33	1.96603135516159	neutral	160567640
PD62038a	1	160637179	160711741	1	0	M	0.33	1.96603135516159	loss	74563
PD62038a	1	160739267	248918428	1	1	M	0.33	1.96603135516159	neutral	88179162
PD62038a	2	41404	6910296	2	0	M	0.33	1.96603135516159	neutral	6868893
PD62038a	2	6936348	242004549	1	1	M	0.33	1.96603135516159	neutral	235068202
PD62038a	3	197664	198038561	1	1	M	0.33	1.96603135516159	neutral	197840898
PD62038a	4	85813	190025891	1	1	M	0.33	1.96603135516159	neutral	189940079
PD62038a	5	140238	181260906	1	1	M	0.33	1.96603135516159	neutral	181120669
PD62038a	6	203397	170584376	1	1	M	0.33	1.96603135516159	neutral	170380980
PD62038a	7	193222	150791793	1	1	M	0.33	1.96603135516159	neutral	150598572
PD62038a	7	150791981	150793288	3	2	M	0.33	1.96603135516159	gain	1308
PD62038a	7	150793336	159233344	1	1	M	0.33	1.96603135516159	neutral	8440009
PD62038a	8	232977	11852528	1	0	M	0.33	1.96603135516159	loss	11619552
PD62038a	8	11852665	124543292	1	1	M	0.33	1.96603135516159	neutral	112690628
PD62038a	8	124547174	124555948	0	0	M	0.33	1.96603135516159	loss	8775
PD62038a	8	124555950	145054093	1	1	M	0.33	1.96603135516159	neutral	20498144
PD62038a	9	154795	138177317	1	1	M	0.33	1.96603135516159	neutral	138022523
PD62038a	10	49156	69250619	1	1	M	0.33	1.96603135516159	neutral	69201464
PD62038a	10	69250664	72375969	5	1	M	0.33	1.96603135516159	gain	3125306
PD62038a	10	72379442	74708294	9	1	M	0.33	1.96603135516159	gain	2328853
PD62038a	10	74708343	76324342	5	1	M	0.33	1.96603135516159	gain	1616000
PD62038a	10	76324343	81878195	14	1	M	0.33	1.96603135516159	gain	5553853
PD62038a	10	82232727	93698384	1	0	M	0.33	1.96603135516159	loss	11465658
PD62038a	10	93698396	133625894	1	1	M	0.33	1.96603135516159	neutral	39927499
PD62038a	11	197291	60951460	1	1	M	0.33	1.96603135516159	neutral	60754170
PD62038a	11	60971922	61132460	0	0	M	0.33	1.96603135516159	loss	160539
PD62038a	11	61132546	134986843	1	1	M	0.33	1.96603135516159	neutral	73854298
PD62038a	12	66973	133234349	1	1	M	0.33	1.96603135516159	neutral	133167377
PD62038a	13	19026300	114325924	1	1	M	0.33	1.96603135516159	neutral	95299625
PD62038a	14	19097559	21895063	1	1	M	0.33	1.96603135516159	neutral	2797505
PD62038a	14	21895066	21924598	0	0	M	0.33	1.96603135516159	loss	29533
PD62038a	14	21924631	22551978	1	1	M	0.33	1.96603135516159	neutral	627348
PD62038a	14	22552004	22565284	1	0	M	0.33	1.96603135516159	loss	13281
PD62038a	14	22575102	105855988	1	1	M	0.33	1.96603135516159	neutral	83280887
PD62038a	14	105856024	105864734	1	0	M	0.33	1.96603135516159	loss	8711
PD62038a	14	105865128	105881512	2	2	M	0.33	1.96603135516159	gain	16385
PD62038a	14	105881513	106874913	1	1	M	0.33	1.96603135516159	neutral	993401
PD62038a	15	19964758	81269556	1	1	M	0.33	1.96603135516159	neutral	61304799
PD62038a	15	81278664	81297160	0	0	M	0.33	1.96603135516159	loss	18497
PD62038a	15	81299298	101849608	1	1	M	0.33	1.96603135516159	neutral	20550311
PD62038a	16	47354	90094880	1	1	M	0.33	1.96603135516159	neutral	90047527
PD62038a	17	156162	21304625	1	0	M	0.33	1.96603135516159	loss	21148464
PD62038a	17	21304980	41041167	1	1	M	0.33	1.96603135516159	neutral	19736188
PD62038a	17	41041225	41315728	0	0	M	0.33	1.96603135516159	loss	274504
PD62038a	17	41315766	83135891	1	1	M	0.33	1.96603135516159	neutral	41820126
PD62038a	18	120645	80202756	1	1	M	0.33	1.96603135516159	neutral	80082112
PD62038a	19	281376	41686940	1	1	M	0.33	1.96603135516159	neutral	41405565
PD62038a	19	41688028	41811243	3	1	M	0.33	1.96603135516159	gain	123216
PD62038a	19	41811262	58572521	1	1	M	0.33	1.96603135516159	neutral	16761260
PD62038a	20	87623	64273492	1	1	M	0.33	1.96603135516159	neutral	64185870
PD62038a	21	9068512	43029806	1	1	M	0.33	1.96603135516159	neutral	33961295
PD62038a	21	43029807	46664533	1	0	M	0.33	1.96603135516159	loss	3634727
PD62038a	22	16572142	50780662	1	0	M	0.33	1.96603135516159	loss	34208521
PD62038a	X	284193	2740742	1	0	M	0.33	1.96603135516159	neutral	2456550
PD62038a	X	2740756	2774703	3	0	M	0.33	1.96603135516159	gain	33948
PD62038a	X	2781927	155524613	1	0	M	0.33	1.96603135516159	neutral	152742687
PD62038a	X	155773979	155898177	2	0	M	0.33	1.96603135516159	gain	124199
PD62038a	X	155898234	156005413	3	0	M	0.33	1.96603135516159	gain	107180
PD62038c	1	69511	160637150	1	1	M	0.35	1.94490498914825	neutral	160567640
PD62038c	1	160637179	160831280	1	0	M	0.35	1.94490498914825	loss	194102
PD62038c	1	160831382	248918428	1	1	M	0.35	1.94490498914825	neutral	88087047
PD62038c	2	41404	230201006	1	1	M	0.35	1.94490498914825	neutral	230159603
PD62038c	2	230202589	230759970	1	0	M	0.35	1.94490498914825	loss	557382
PD62038c	2	230793355	242004549	1	1	M	0.35	1.94490498914825	neutral	11211195
PD62038c	3	197664	198038561	1	1	M	0.35	1.94490498914825	neutral	197840898
PD62038c	4	85813	48167758	1	0	M	0.35	1.94490498914825	loss	48081946
PD62038c	4	48167967	67624301	1	1	M	0.35	1.94490498914825	neutral	19456335
PD62038c	4	67624326	94249610	2	2	M	0.35	1.94490498914825	gain	26625285
PD62038c	4	94249688	151588825	1	1	M	0.35	1.94490498914825	neutral	57339138
PD62038c	4	151588978	190025891	1	0	M	0.35	1.94490498914825	loss	38436914
PD62038c	5	140238	35727852	1	1	M	0.35	1.94490498914825	neutral	35587615
PD62038c	5	35727887	35789658	0	0	M	0.35	1.94490498914825	loss	61772
PD62038c	5	35789754	50399934	1	1	M	0.35	1.94490498914825	neutral	14610181
PD62038c	5	50402124	181260906	1	0	M	0.35	1.94490498914825	loss	130858783
PD62038c	6	203397	46625535	1	1	M	0.35	1.94490498914825	neutral	46422139
PD62038c	6	46631035	49636620	2	2	M	0.35	1.94490498914825	gain	3005586
PD62038c	6	49636730	167917261	1	1	M	0.35	1.94490498914825	neutral	118280532
PD62038c	6	167917314	168059165	2	2	M	0.35	1.94490498914825	gain	141852
PD62038c	6	168059234	170584376	1	1	M	0.35	1.94490498914825	neutral	2525143
PD62038c	7	193222	150470770	1	1	M	0.35	1.94490498914825	neutral	150277549
PD62038c	7	150470948	150749983	0	0	M	0.35	1.94490498914825	loss	279036
PD62038c	7	150790615	150793288	2	2	M	0.35	1.94490498914825	gain	2674
PD62038c	7	150793336	159233344	1	1	M	0.35	1.94490498914825	neutral	8440009
PD62038c	8	232977	94128175	1	1	M	0.35	1.94490498914825	neutral	93895199
PD62038c	8	94128176	121614739	2	1	M	0.35	1.94490498914825	gain	27486564
PD62038c	8	121615065	124539086	1	0	M	0.35	1.94490498914825	loss	2924022
PD62038c	8	124539123	124865309	0	0	M	0.35	1.94490498914825	loss	326187
PD62038c	8	124865321	127947763	5	1	M	0.35	1.94490498914825	gain	3082443
PD62038c	8	127960475	138594192	2	1	M	0.35	1.94490498914825	gain	10633718
PD62038c	8	138596832	145054093	1	0	M	0.35	1.94490498914825	loss	6457262
PD62038c	9	154795	42796064	1	1	M	0.35	1.94490498914825	neutral	42641270
PD62038c	9	62801194	114307758	2	1	M	0.35	1.94490498914825	gain	51506565
PD62038c	9	114309224	138177317	1	1	M	0.35	1.94490498914825	neutral	23868094
PD62038c	10	49156	30849648	1	1	M	0.35	1.94490498914825	neutral	30800493
PD62038c	10	30849815	31521895	1	0	M	0.35	1.94490498914825	loss	672081
PD62038c	10	31524045	133625894	1	1	M	0.35	1.94490498914825	neutral	102101850
PD62038c	11	197291	617593	1	1	M	0.35	1.94490498914825	neutral	420303
PD62038c	11	617705	1258493	2	1	M	0.35	1.94490498914825	gain	640789
PD62038c	11	1259008	60951460	1	1	M	0.35	1.94490498914825	neutral	59692453
PD62038c	11	60971922	61132295	0	0	M	0.35	1.94490498914825	loss	160374
PD62038c	11	61132343	115178533	1	1	M	0.35	1.94490498914825	neutral	54046191
PD62038c	11	115178591	116760845	2	1	M	0.35	1.94490498914825	gain	1582255
PD62038c	11	116760974	134986843	1	1	M	0.35	1.94490498914825	neutral	18225870
PD62038c	12	66973	133234349	1	1	M	0.35	1.94490498914825	neutral	133167377
PD62038c	13	19026300	114325924	1	1	M	0.35	1.94490498914825	neutral	95299625
PD62038c	14	19097559	21894839	1	1	M	0.35	1.94490498914825	neutral	2797281
PD62038c	14	21894900	22105302	1	0	M	0.35	1.94490498914825	loss	210403
PD62038c	14	22105303	22486322	2	2	M	0.35	1.94490498914825	gain	381020
PD62038c	14	22488500	105855988	1	1	M	0.35	1.94490498914825	neutral	83367489
PD62038c	14	105856024	105863869	1	0	M	0.35	1.94490498914825	loss	7846
PD62038c	14	105864153	106874913	1	1	M	0.35	1.94490498914825	neutral	1010761
PD62038c	15	19964758	81269556	1	1	M	0.35	1.94490498914825	neutral	61304799
PD62038c	15	81278664	81297160	0	0	M	0.35	1.94490498914825	loss	18497
PD62038c	15	81299298	101849608	1	1	M	0.35	1.94490498914825	neutral	20550311
PD62038c	16	47354	90094880	1	1	M	0.35	1.94490498914825	neutral	90047527
PD62038c	17	156162	7237602	1	1	M	0.35	1.94490498914825	neutral	7081441
PD62038c	17	7237821	22204172	1	0	M	0.35	1.94490498914825	loss	14966352
PD62038c	17	22204935	32605267	1	1	M	0.35	1.94490498914825	neutral	10400333
PD62038c	17	32653756	32659148	2	1	M	0.35	1.94490498914825	gain	5393
PD62038c	17	32659167	41302798	1	1	M	0.35	1.94490498914825	neutral	8643632
PD62038c	17	41307750	41349438	0	0	M	0.35	1.94490498914825	loss	41689
PD62038c	17	41350381	75828181	1	1	M	0.35	1.94490498914825	neutral	34477801
PD62038c	17	75828224	78133258	1	0	M	0.35	1.94490498914825	loss	2305035
PD62038c	17	78133261	83135891	1	1	M	0.35	1.94490498914825	neutral	5002631
PD62038c	18	120645	6890435	1	1	M	0.35	1.94490498914825	neutral	6769791
PD62038c	18	6895010	6927354	2	2	M	0.35	1.94490498914825	gain	32345
PD62038c	18	6928139	80202756	1	1	M	0.35	1.94490498914825	neutral	73274618
PD62038c	19	281376	43353892	1	1	M	0.35	1.94490498914825	neutral	43072517
PD62038c	19	43353914	43379289	3	2	M	0.35	1.94490498914825	gain	25376
PD62038c	19	43406497	49171920	1	1	M	0.35	1.94490498914825	neutral	5765424
PD62038c	19	49171976	49200283	2	1	M	0.35	1.94490498914825	gain	28308
PD62038c	19	49200490	58572521	1	1	M	0.35	1.94490498914825	neutral	9372032
PD62038c	20	87623	64273492	1	1	M	0.35	1.94490498914825	neutral	64185870
PD62038c	21	9068512	43797658	1	1	M	0.35	1.94490498914825	neutral	34729147
PD62038c	21	43797678	46664533	1	0	M	0.35	1.94490498914825	loss	2866856
PD62038c	22	16572142	50780662	1	1	M	0.35	1.94490498914825	neutral	34208521
PD62038c	X	284193	2740742	2	0	M	0.35	1.94490498914825	gain	2456550
PD62038c	X	2740756	2774703	3	0	M	0.35	1.94490498914825	gain	33948
PD62038c	X	2781927	155524613	1	0	M	0.35	1.94490498914825	neutral	152742687
PD62038c	X	155773979	155898177	3	0	M	0.35	1.94490498914825	gain	124199
PD62038c	X	155898234	156005413	4	0	M	0.35	1.94490498914825	gain	107180
PD62039a	1	826681	35479179	1	1	F	0.75	2.996204489418	loss	34652499
PD62039a	1	35506648	160420910	2	1	F	0.75	2.996204489418	neutral	124914263
PD62039a	1	160420920	160801971	1	1	F	0.75	2.996204489418	loss	381052
PD62039a	1	160813555	248918428	2	1	F	0.75	2.996204489418	neutral	88104874
PD62039a	2	41509	242004549	2	1	F	0.75	2.996204489418	neutral	241963041
PD62039a	3	197937	90234494	2	0	F	0.75	2.996204489418	loss	90036558
PD62039a	3	93874275	198038561	2	2	F	0.75	2.996204489418	gain	104164287
PD62039a	4	85813	186597593	1	1	F	0.75	2.996204489418	loss	186511781
PD62039a	4	186597657	186708682	2	1	F	0.75	2.996204489418	neutral	111026
PD62039a	4	186708694	190025891	1	1	F	0.75	2.996204489418	loss	3317198
PD62039a	5	140238	45695935	2	1	F	0.75	2.996204489418	neutral	45555698
PD62039a	5	45696119	149899424	2	0	F	0.75	2.996204489418	loss	104203306
PD62039a	5	149899467	150167303	3	0	F	0.75	2.996204489418	neutral	267837
PD62039a	5	150182719	157095458	2	0	F	0.75	2.996204489418	loss	6912740
PD62039a	5	157098824	157472712	1	0	F	0.75	2.996204489418	loss	373889
PD62039a	5	157472861	181260906	2	0	F	0.75	2.996204489418	loss	23788046
PD62039a	6	203397	30103530	2	1	F	0.75	2.996204489418	neutral	29900134
PD62039a	6	30103553	30172139	3	2	F	0.75	2.996204489418	gain	68587
PD62039a	6	30172194	56463971	2	1	F	0.75	2.996204489418	neutral	26291778
PD62039a	6	56464555	56605469	3	1	F	0.75	2.996204489418	gain	140915
PD62039a	6	56605491	170584376	2	1	F	0.75	2.996204489418	neutral	113978886
PD62039a	7	193222	150572384	2	2	F	0.75	2.996204489418	gain	150379163
PD62039a	7	150572442	150749983	2	1	F	0.75	2.996204489418	neutral	177542
PD62039a	7	150790615	159233344	2	2	F	0.75	2.996204489418	gain	8442730
PD62039a	8	232977	24956289	2	1	F	0.75	2.996204489418	neutral	24723313
PD62039a	8	25184822	25308861	3	2	F	0.75	2.996204489418	gain	124040
PD62039a	8	25310590	115667831	2	1	F	0.75	2.996204489418	neutral	90357242
PD62039a	8	116644942	144312483	3	2	F	0.75	2.996204489418	gain	27667542
PD62039a	8	144312728	144354636	4	3	F	0.75	2.996204489418	gain	41909
PD62039a	8	144354867	145054093	4	2	F	0.75	2.996204489418	gain	699227
PD62039a	9	154795	138177328	2	2	F	0.75	2.996204489418	gain	138022534
PD62039a	10	49134	11493284	1	1	F	0.75	2.996204489418	loss	11444151
PD62039a	10	11501167	54020155	2	1	F	0.75	2.996204489418	neutral	42518989
PD62039a	10	54020318	54369306	3	1	F	0.75	2.996204489418	gain	348989
PD62039a	10	54527809	119804311	2	0	F	0.75	2.996204489418	loss	65276503
PD62039a	10	119805503	127987268	3	2	F	0.75	2.996204489418	gain	8181766
PD62039a	10	128040842	133625894	2	2	F	0.75	2.996204489418	gain	5585053
PD62039a	11	197291	1081750	2	1	F	0.75	2.996204489418	neutral	884460
PD62039a	11	1081761	1099723	3	2	F	0.75	2.996204489418	gain	17963
PD62039a	11	1099733	1197584	3	1	F	0.75	2.996204489418	gain	97852
PD62039a	11	1197868	50287785	2	1	F	0.75	2.996204489418	neutral	49089918
PD62039a	11	54591521	61331600	1	1	F	0.75	2.996204489418	loss	6740080
PD62039a	11	61332864	61637122	2	1	F	0.75	2.996204489418	neutral	304259
PD62039a	11	61637152	69810617	1	1	F	0.75	2.996204489418	loss	8173466
PD62039a	11	69810705	71147105	2	1	F	0.75	2.996204489418	neutral	1336401
PD62039a	11	71147159	126358508	1	1	F	0.75	2.996204489418	loss	55211350
PD62039a	11	126406030	126429194	3	2	F	0.75	2.996204489418	gain	23165
PD62039a	11	126431554	134986843	1	1	F	0.75	2.996204489418	loss	8555290
PD62039a	12	66973	6442733	3	1	F	0.75	2.996204489418	gain	6375761
PD62039a	12	6442882	133234349	2	1	F	0.75	2.996204489418	neutral	126791468
PD62039a	13	19026300	114325924	3	2	F	0.75	2.996204489418	gain	95299625
PD62039a	14	19097607	105855427	2	1	F	0.75	2.996204489418	neutral	86757821
PD62039a	14	105855447	105864674	1	0	F	0.75	2.996204489418	loss	9228
PD62039a	14	105864675	105881512	3	2	F	0.75	2.996204489418	gain	16838
PD62039a	14	105881513	106874913	2	1	F	0.75	2.996204489418	neutral	993401
PD62039a	15	19964758	101849544	2	1	F	0.75	2.996204489418	neutral	81884787
PD62039a	16	47541	87644400	2	2	F	0.75	2.996204489418	gain	87596860
PD62039a	16	87644412	90094900	2	1	F	0.75	2.996204489418	neutral	2450489
PD62039a	17	156162	19740352	3	0	F	0.75	2.996204489418	neutral	19584191
PD62039a	17	19740359	41026883	2	0	F	0.75	2.996204489418	loss	21286525
PD62039a	17	41026898	41366604	1	0	F	0.75	2.996204489418	loss	339707
PD62039a	17	41367856	83135891	2	0	F	0.75	2.996204489418	loss	41768036
PD62039a	18	120645	31413061	1	1	F	0.75	2.996204489418	loss	31292417
PD62039a	18	31413220	31846686	2	1	F	0.75	2.996204489418	neutral	433467
PD62039a	18	31846706	80202756	1	1	F	0.75	2.996204489418	loss	48356051
PD62039a	19	281360	14381454	1	1	F	0.75	2.996204489418	loss	14100095
PD62039a	19	14381460	15629410	2	1	F	0.75	2.996204489418	neutral	1247951
PD62039a	19	15629458	15696521	3	2	F	0.75	2.996204489418	gain	67064
PD62039a	19	15696910	58572521	2	1	F	0.75	2.996204489418	neutral	42875612
PD62039a	20	87623	31559471	3	2	F	0.75	2.996204489418	gain	31471849
PD62039a	20	31559698	64273492	4	2	F	0.75	2.996204489418	gain	32713795
PD62039a	21	9068512	10718441	2	1	F	0.75	2.996204489418	neutral	1649930
PD62039a	21	10718480	46664523	2	0	F	0.75	2.996204489418	loss	35946044
PD62039a	22	16572142	20064620	1	0	F	0.75	2.996204489418	loss	3492479
PD62039a	22	20086407	26630322	5	0	F	0.75	2.996204489418	gain	6543916
PD62039a	22	27049921	48544555	2	0	F	0.75	2.996204489418	loss	21494635
PD62039a	22	48544611	50780662	1	0	F	0.75	2.996204489418	loss	2236052
PD62039a	X	284193	57910069	1	1	F	0.75	2.996204489418	loss	57625877
PD62039a	X	63299430	66616027	4	0	F	0.75	2.996204489418	gain	3316598
PD62039a	X	67545470	156005528	2	0	F	0.75	2.996204489418	loss	88460059
PD62041a	1	826681	2185433	2	1	M	0.6	2.86405952927293	neutral	1358753
PD62041a	1	2185952	2303882	1	0	M	0.6	2.86405952927293	loss	117931
PD62041a	1	2303936	9721683	2	1	M	0.6	2.86405952927293	neutral	7417748
PD62041a	1	9721688	9727080	1	1	M	0.6	2.86405952927293	loss	5393
PD62041a	1	9730559	160425147	2	1	M	0.6	2.86405952927293	neutral	150694589
PD62041a	1	160425183	160824172	1	1	M	0.6	2.86405952927293	loss	398990
PD62041a	1	160824263	248918428	2	1	M	0.6	2.86405952927293	neutral	88094166
PD62041a	2	41509	88860454	2	1	M	0.6	2.86405952927293	neutral	88818946
PD62041a	2	88860457	88886006	1	0	M	0.6	2.86405952927293	loss	25550
PD62041a	2	88886015	174811457	2	1	M	0.6	2.86405952927293	neutral	85925443
PD62041a	2	174811471	176131297	1	1	M	0.6	2.86405952927293	loss	1319827
PD62041a	2	176151697	219077304	2	1	M	0.6	2.86405952927293	neutral	42925608
PD62041a	2	219077371	219147735	3	2	M	0.6	2.86405952927293	gain	70365
PD62041a	2	219157604	231161561	2	1	M	0.6	2.86405952927293	neutral	12003958
PD62041a	2	231163682	231462381	2	2	M	0.6	2.86405952927293	gain	298700
PD62041a	2	231462442	241112362	2	1	M	0.6	2.86405952927293	neutral	9649921
PD62041a	2	241114988	241133084	1	1	M	0.6	2.86405952927293	loss	18097
PD62041a	2	241135947	242004549	2	1	M	0.6	2.86405952927293	neutral	868603
PD62041a	3	197630	48609111	2	1	M	0.6	2.86405952927293	neutral	48411482
PD62041a	3	48609118	48633095	3	2	M	0.6	2.86405952927293	gain	23978
PD62041a	3	48633394	190876545	2	1	M	0.6	2.86405952927293	neutral	142243152
PD62041a	3	190876665	191389569	1	0	M	0.6	2.86405952927293	loss	512905
PD62041a	3	191389656	198038561	2	1	M	0.6	2.86405952927293	neutral	6648906
PD62041a	4	85813	190025891	2	1	M	0.6	2.86405952927293	neutral	189940079
PD62041a	5	140238	45696119	2	1	M	0.6	2.86405952927293	neutral	45555882
PD62041a	5	45696148	69419970	2	0	M	0.6	2.86405952927293	loss	23723823
PD62041a	5	69424694	72855980	2	1	M	0.6	2.86405952927293	neutral	3431287
PD62041a	5	72856031	140842572	2	0	M	0.6	2.86405952927293	loss	67986542
PD62041a	5	140842912	140858470	0	0	M	0.6	2.86405952927293	loss	15559
PD62041a	5	140862894	181260906	2	0	M	0.6	2.86405952927293	loss	40398013
PD62041a	6	203397	25969407	1	1	M	0.6	2.86405952927293	loss	25766011
PD62041a	6	25971821	26411103	1	0	M	0.6	2.86405952927293	loss	439283
PD62041a	6	26411166	27814241	1	1	M	0.6	2.86405952927293	loss	1403076
PD62041a	6	27814253	27893904	1	0	M	0.6	2.86405952927293	loss	79652
PD62041a	6	27911277	29942594	1	1	M	0.6	2.86405952927293	loss	2031318
PD62041a	6	29942601	29943253	0	0	M	0.6	2.86405952927293	loss	653
PD62041a	6	29943260	31202831	1	1	M	0.6	2.86405952927293	loss	1259572
PD62041a	6	31268990	31403744	1	0	M	0.6	2.86405952927293	loss	134755
PD62041a	6	31410610	33270071	1	1	M	0.6	2.86405952927293	loss	1859462
PD62041a	6	33270281	33406785	1	0	M	0.6	2.86405952927293	loss	136505
PD62041a	6	33409566	167976580	1	1	M	0.6	2.86405952927293	loss	134567015
PD62041a	6	167976588	168294084	2	1	M	0.6	2.86405952927293	neutral	317497
PD62041a	6	168294108	170584545	1	1	M	0.6	2.86405952927293	loss	2290438
PD62041a	7	193222	101035637	2	1	M	0.6	2.86405952927293	neutral	100842416
PD62041a	7	101035743	101051672	4	2	M	0.6	2.86405952927293	gain	15930
PD62041a	7	101051698	159233344	2	1	M	0.6	2.86405952927293	neutral	58181647
PD62041a	8	232977	30095818	2	0	M	0.6	2.86405952927293	loss	29862842
PD62041a	8	30095851	30163993	1	0	M	0.6	2.86405952927293	loss	68143
PD62041a	8	30175234	35792997	2	0	M	0.6	2.86405952927293	loss	5617764
PD62041a	8	35793097	40767796	3	2	M	0.6	2.86405952927293	gain	4974700
PD62041a	8	40786704	43356941	16	2	M	0.6	2.86405952927293	gain	2570238
PD62041a	8	46841160	143694571	2	2	M	0.6	2.86405952927293	gain	96853412
PD62041a	8	143706659	143718918	3	2	M	0.6	2.86405952927293	gain	12260
PD62041a	8	143718923	144012715	2	1	M	0.6	2.86405952927293	neutral	293793
PD62041a	8	144039935	145054093	2	2	M	0.6	2.86405952927293	gain	1014159
PD62041a	9	154795	138175500	2	1	M	0.6	2.86405952927293	neutral	138020706
PD62041a	10	49156	71704894	2	2	M	0.6	2.86405952927293	gain	71655739
PD62041a	10	71704922	71773482	1	1	M	0.6	2.86405952927293	loss	68561
PD62041a	10	71777631	133625894	2	2	M	0.6	2.86405952927293	gain	61848264
PD62041a	11	197291	842543	1	1	M	0.6	2.86405952927293	loss	645253
PD62041a	11	842627	1451516	2	1	M	0.6	2.86405952927293	neutral	608890
PD62041a	11	1454398	6632559	1	1	M	0.6	2.86405952927293	loss	5178162
PD62041a	11	6632964	6719548	1	0	M	0.6	2.86405952927293	loss	86585
PD62041a	11	6719571	62574549	1	1	M	0.6	2.86405952927293	loss	55854979
PD62041a	11	62574609	62678143	1	0	M	0.6	2.86405952927293	loss	103535
PD62041a	11	62678265	64152279	1	1	M	0.6	2.86405952927293	loss	1474015
PD62041a	11	64165848	64237085	1	0	M	0.6	2.86405952927293	loss	71238
PD62041a	11	64237102	65344476	1	1	M	0.6	2.86405952927293	loss	1107375
PD62041a	11	65344504	65557568	1	0	M	0.6	2.86405952927293	loss	213065
PD62041a	11	65569780	108142366	1	1	M	0.6	2.86405952927293	loss	42572587
PD62041a	11	108142513	108297425	1	0	M	0.6	2.86405952927293	loss	154913
PD62041a	11	108304660	134986843	1	1	M	0.6	2.86405952927293	loss	26682184
PD62041a	12	66973	6450749	2	1	M	0.6	2.86405952927293	neutral	6383777
PD62041a	12	6450889	6495019	1	0	M	0.6	2.86405952927293	loss	44131
PD62041a	12	6495103	6936728	2	1	M	0.6	2.86405952927293	neutral	441626
PD62041a	12	6936731	6960696	1	0	M	0.6	2.86405952927293	loss	23966
PD62041a	12	6960710	14696212	2	1	M	0.6	2.86405952927293	neutral	7735503
PD62041a	12	14770995	14840920	1	1	M	0.6	2.86405952927293	loss	69926
PD62041a	12	14840948	52434178	2	1	M	0.6	2.86405952927293	neutral	37593231
PD62041a	12	52434235	52544713	3	2	M	0.6	2.86405952927293	gain	110479
PD62041a	12	52544728	113149981	2	1	M	0.6	2.86405952927293	neutral	60605254
PD62041a	12	113151892	133234349	1	1	M	0.6	2.86405952927293	loss	20082458
PD62041a	13	19026300	114325924	2	1	M	0.6	2.86405952927293	neutral	95299625
PD62041a	14	19733402	22478825	2	1	M	0.6	2.86405952927293	neutral	2745424
PD62041a	14	22478829	22575181	1	0	M	0.6	2.86405952927293	loss	96353
PD62041a	14	22588885	105865131	2	1	M	0.6	2.86405952927293	neutral	83276247
PD62041a	14	105865141	105881513	3	2	M	0.6	2.86405952927293	gain	16373
PD62041a	14	105881530	106578807	3	1	M	0.6	2.86405952927293	gain	697278
PD62041a	14	106578808	106874913	4	0	M	0.6	2.86405952927293	gain	296106
PD62041a	15	19964758	20671295	1	1	M	0.6	2.86405952927293	loss	706538
PD62041a	15	22225178	41342481	2	0	M	0.6	2.86405952927293	loss	19117304
PD62041a	15	41342491	44767192	2	2	M	0.6	2.86405952927293	gain	3424702
PD62041a	15	44767464	45108017	3	2	M	0.6	2.86405952927293	gain	340554
PD62041a	15	45108160	81297160	2	2	M	0.6	2.86405952927293	gain	36189001
PD62041a	15	81299298	81337787	1	1	M	0.6	2.86405952927293	loss	38490
PD62041a	15	81337966	101849544	2	2	M	0.6	2.86405952927293	gain	20511579
PD62041a	16	47541	1436394	2	2	M	0.6	2.86405952927293	gain	1388854
PD62041a	16	1436397	1457148	2	1	M	0.6	2.86405952927293	neutral	20752
PD62041a	16	1457208	1488559	1	1	M	0.6	2.86405952927293	loss	31352
PD62041a	16	1488678	1528513	2	1	M	0.6	2.86405952927293	neutral	39836
PD62041a	16	1528543	29599349	2	2	M	0.6	2.86405952927293	gain	28070807
PD62041a	16	29599360	35448034	2	1	M	0.6	2.86405952927293	neutral	5848675
PD62041a	16	46474402	90094880	2	2	M	0.6	2.86405952927293	gain	43620479
PD62041a	17	156162	8147358	2	0	M	0.6	2.86405952927293	loss	7991197
PD62041a	17	8147419	8231437	1	0	M	0.6	2.86405952927293	loss	84019
PD62041a	17	8231646	83135759	2	0	M	0.6	2.86405952927293	loss	74904114
PD62041a	18	120645	80202756	2	0	M	0.6	2.86405952927293	loss	80082112
PD62041a	19	281383	1218495	1	1	M	0.6	2.86405952927293	loss	937113
PD62041a	19	1218524	2251836	2	1	M	0.6	2.86405952927293	neutral	1033313
PD62041a	19	2252315	2328858	1	0	M	0.6	2.86405952927293	loss	76544
PD62041a	19	2334498	7560938	2	1	M	0.6	2.86405952927293	neutral	5226441
PD62041a	19	7560978	7622560	3	2	M	0.6	2.86405952927293	gain	61583
PD62041a	19	7622740	15374745	2	1	M	0.6	2.86405952927293	neutral	7752006
PD62041a	19	15374751	15475900	1	1	M	0.6	2.86405952927293	loss	101150
PD62041a	19	15475969	39307831	2	1	M	0.6	2.86405952927293	neutral	23831863
PD62041a	19	39308113	39418017	1	1	M	0.6	2.86405952927293	loss	109905
PD62041a	19	39418924	41026010	2	1	M	0.6	2.86405952927293	neutral	1607087
PD62041a	19	41026034	41116630	3	1	M	0.6	2.86405952927293	gain	90597
PD62041a	19	41120339	49397469	2	1	M	0.6	2.86405952927293	neutral	8277131
PD62041a	19	49397494	49621693	1	1	M	0.6	2.86405952927293	loss	224200
PD62041a	19	49621694	55649410	2	1	M	0.6	2.86405952927293	neutral	6027717
PD62041a	19	55649431	55659366	0	0	M	0.6	2.86405952927293	loss	9936
PD62041a	19	55659385	58572521	2	1	M	0.6	2.86405952927293	neutral	2913137
PD62041a	20	87623	64273492	2	1	M	0.6	2.86405952927293	neutral	64185870
PD62041a	21	9068512	46664392	2	2	M	0.6	2.86405952927293	gain	37595881
PD62041a	22	16572142	50780662	2	0	M	0.6	2.86405952927293	loss	34208521
PD62041a	X	284193	338771	1	1	M	0.6	2.86405952927293	gain	54579
PD62041a	X	338808	2774703	2	1	M	0.6	2.86405952927293	gain	2435896
PD62041a	X	2781927	153883922	2	0	M	0.6	2.86405952927293	gain	151101996
PD62041a	X	153884200	154552009	1	0	M	0.6	2.86405952927293	loss	667810
PD62041a	X	154652360	155524613	2	0	M	0.6	2.86405952927293	gain	872254
PD62041a	X	155773979	155898234	7	0	M	0.6	2.86405952927293	gain	124256
PD62041a	X	155900534	156004433	6	0	M	0.6	2.86405952927293	gain	103900
PD62042a	1	826681	75677840	1	1	F	0.63	2.07337703914265	neutral	74851160
PD62042a	1	75724646	121568263	2	1	F	0.63	2.07337703914265	gain	45843618
PD62042a	1	143544192	248918428	1	1	F	0.63	2.07337703914265	neutral	105374237
PD62042a	2	41404	1098456	3	0	F	0.63	2.07337703914265	gain	1057053
PD62042a	2	1137681	1239836	1	0	F	0.63	2.07337703914265	loss	102156
PD62042a	2	1239852	28946746	1	1	F	0.63	2.07337703914265	neutral	27706895
PD62042a	2	28998066	29717589	1	0	F	0.63	2.07337703914265	loss	719524
PD62042a	2	29717663	242004549	1	1	F	0.63	2.07337703914265	neutral	212286887
PD62042a	3	197630	126159345	1	1	F	0.63	2.07337703914265	neutral	125961716
PD62042a	3	126159405	126499501	1	0	F	0.63	2.07337703914265	loss	340097
PD62042a	3	126499615	198038561	1	1	F	0.63	2.07337703914265	neutral	71538947
PD62042a	4	85813	190025891	1	0	F	0.63	2.07337703914265	loss	189940079
PD62042a	5	140238	45695893	2	1	F	0.63	2.07337703914265	gain	45555656
PD62042a	5	45695935	140801152	1	0	F	0.63	2.07337703914265	loss	95105218
PD62042a	5	140801509	141095172	0	0	F	0.63	2.07337703914265	loss	293664
PD62042a	5	141095524	181260906	1	0	F	0.63	2.07337703914265	loss	40165383
PD62042a	6	203397	26017776	1	1	F	0.63	2.07337703914265	neutral	25814380
PD62042a	6	26020440	26372858	3	2	F	0.63	2.07337703914265	gain	352419
PD62042a	6	26372893	87249494	1	1	F	0.63	2.07337703914265	neutral	60876602
PD62042a	6	87249572	123377687	2	1	F	0.63	2.07337703914265	gain	36128116
PD62042a	6	123377794	124911766	1	0	F	0.63	2.07337703914265	loss	1533973
PD62042a	6	124911788	170584567	1	1	F	0.63	2.07337703914265	neutral	45672780
PD62042a	7	193222	159233344	2	1	F	0.63	2.07337703914265	gain	159040123
PD62042a	8	232977	39284982	2	0	F	0.63	2.07337703914265	neutral	39052006
PD62042a	8	39454135	39477736	0	0	F	0.63	2.07337703914265	loss	23602
PD62042a	8	39584525	145054093	2	0	F	0.63	2.07337703914265	neutral	105469569
PD62042a	9	154795	42796064	1	0	F	0.63	2.07337703914265	loss	42641270
PD62042a	9	62801194	72149763	2	1	F	0.63	2.07337703914265	gain	9348570
PD62042a	9	72210791	74630349	2	2	F	0.63	2.07337703914265	gain	2419559
PD62042a	9	74642390	138177328	1	1	F	0.63	2.07337703914265	neutral	63534939
PD62042a	10	49134	131116787	1	1	F	0.63	2.07337703914265	neutral	131067654
PD62042a	10	131116862	133625894	1	0	F	0.63	2.07337703914265	loss	2509033
PD62042a	11	197291	1030370	1	1	F	0.63	2.07337703914265	neutral	833080
PD62042a	11	1030583	1036607	1	0	F	0.63	2.07337703914265	loss	6025
PD62042a	11	1074873	134986843	1	1	F	0.63	2.07337703914265	neutral	133911971
PD62042a	12	66973	40308618	1	1	F	0.63	2.07337703914265	neutral	40241646
PD62042a	12	40309109	40557803	1	0	F	0.63	2.07337703914265	loss	248695
PD62042a	12	40558043	133234349	1	1	F	0.63	2.07337703914265	neutral	92676307
PD62042a	13	19026300	114325924	2	1	F	0.63	2.07337703914265	gain	95299625
PD62042a	14	19097460	105840718	1	1	F	0.63	2.07337703914265	neutral	86743259
PD62042a	14	105840814	105855092	1	0	F	0.63	2.07337703914265	loss	14279
PD62042a	14	105855203	106410470	1	1	F	0.63	2.07337703914265	neutral	555268
PD62042a	14	106410514	106874913	2	1	F	0.63	2.07337703914265	gain	464400
PD62042a	15	19964758	101849608	2	0	F	0.63	2.07337703914265	neutral	81884851
PD62042a	16	47354	90094880	1	1	F	0.63	2.07337703914265	neutral	90047527
PD62042a	17	156162	1362031	1	0	F	0.63	2.07337703914265	loss	1205870
PD62042a	17	1399891	6612072	3	0	F	0.63	2.07337703914265	gain	5212182
PD62042a	17	6612130	6787251	2	0	F	0.63	2.07337703914265	neutral	175122
PD62042a	17	6787253	7039771	3	0	F	0.63	2.07337703914265	gain	252519
PD62042a	17	7039947	8205459	2	0	F	0.63	2.07337703914265	neutral	1165513
PD62042a	17	8206647	21295968	1	0	F	0.63	2.07337703914265	loss	13089322
PD62042a	17	21296019	41140541	1	1	F	0.63	2.07337703914265	neutral	19844523
PD62042a	17	41140554	41365036	1	0	F	0.63	2.07337703914265	loss	224483
PD62042a	17	41365474	83135891	1	1	F	0.63	2.07337703914265	neutral	41770418
PD62042a	18	120645	15006053	2	1	F	0.63	2.07337703914265	gain	14885409
PD62042a	18	20954783	80247464	1	0	F	0.63	2.07337703914265	loss	59292682
PD62042a	19	281360	3920618	1	1	F	0.63	2.07337703914265	neutral	3639259
PD62042a	19	3920672	3965062	1	0	F	0.63	2.07337703914265	loss	44391
PD62042a	19	3969507	57830691	1	1	F	0.63	2.07337703914265	neutral	53861185
PD62042a	19	57839118	57926386	2	1	F	0.63	2.07337703914265	gain	87269
PD62042a	19	57926399	58572521	1	1	F	0.63	2.07337703914265	neutral	646123
PD62042a	20	87623	17499086	2	2	F	0.63	2.07337703914265	gain	17411464
PD62042a	20	17499118	25413888	3	2	F	0.63	2.07337703914265	gain	7914771
PD62042a	20	25413920	33412656	2	1	F	0.63	2.07337703914265	gain	7998737
PD62042a	20	33412677	64273629	2	2	F	0.63	2.07337703914265	gain	30860953
PD62042a	21	9068512	43007447	2	1	F	0.63	2.07337703914265	gain	33938936
PD62042a	21	43007640	46664523	1	1	F	0.63	2.07337703914265	neutral	3656884
PD62042a	22	16572142	50780662	2	1	F	0.63	2.07337703914265	gain	34208521
PD62042a	X	284193	156005528	1	0	F	0.63	2.07337703914265	loss	155721336
PD62043a	1	69511	17331097	1	1	F	0.43	1.85973940695853	neutral	17261587
PD62043a	1	17331121	23691787	1	0	F	0.43	1.85973940695853	loss	6360667
PD62043a	1	23691859	25863354	1	1	F	0.43	1.85973940695853	neutral	2171496
PD62043a	1	25863555	26929729	1	0	F	0.43	1.85973940695853	loss	1066175
PD62043a	1	26934260	248918428	1	1	F	0.43	1.85973940695853	neutral	221984169
PD62043a	2	41509	242004549	1	1	F	0.43	1.85973940695853	neutral	241963041
PD62043a	3	197937	198038561	1	1	F	0.43	1.85973940695853	neutral	197840625
PD62043a	4	85813	186281946	1	1	F	0.43	1.85973940695853	neutral	186196134
PD62043a	4	186284147	190025891	2	1	F	0.43	1.85973940695853	gain	3741745
PD62043a	5	140359	181260906	1	1	F	0.43	1.85973940695853	neutral	181120548
PD62043a	6	203397	29827943	1	1	F	0.43	1.85973940695853	neutral	29624547
PD62043a	6	29827970	29828972	3	2	F	0.43	1.85973940695853	gain	1003
PD62043a	6	29829266	170584376	1	1	F	0.43	1.85973940695853	neutral	140755111
PD62043a	7	193222	159233344	1	1	F	0.43	1.85973940695853	neutral	159040123
PD62043a	8	232977	145054093	1	1	F	0.43	1.85973940695853	neutral	144821117
PD62043a	9	154795	128826580	1	1	F	0.43	1.85973940695853	neutral	128671786
PD62043a	9	128826955	132679437	1	0	F	0.43	1.85973940695853	loss	3852483
PD62043a	9	132679537	138175500	1	1	F	0.43	1.85973940695853	neutral	5495964
PD62043a	10	49134	131955978	1	1	F	0.43	1.85973940695853	neutral	131906845
PD62043a	10	131956064	133625894	1	0	F	0.43	1.85973940695853	loss	1669831
PD62043a	11	197291	12204237	1	0	F	0.43	1.85973940695853	loss	12006947
PD62043a	11	12204322	20637324	1	1	F	0.43	1.85973940695853	neutral	8433003
PD62043a	11	20638603	100795157	1	0	F	0.43	1.85973940695853	loss	80156555
PD62043a	11	100859403	128485989	1	1	F	0.43	1.85973940695853	neutral	27626587
PD62043a	11	128486082	134986843	1	0	F	0.43	1.85973940695853	loss	6500762
PD62043a	12	66973	7374528	1	1	F	0.43	1.85973940695853	neutral	7307556
PD62043a	12	7374688	10012870	1	0	F	0.43	1.85973940695853	loss	2638183
PD62043a	12	10012994	72272838	1	1	F	0.43	1.85973940695853	neutral	62259845
PD62043a	12	72273276	82965722	1	0	F	0.43	1.85973940695853	loss	10692447
PD62043a	12	82966950	133234349	1	1	F	0.43	1.85973940695853	neutral	50267400
PD62043a	13	19026300	114325924	1	1	F	0.43	1.85973940695853	neutral	95299625
PD62043a	14	19733402	21997778	1	1	F	0.43	1.85973940695853	neutral	2264377
PD62043a	14	21997876	22486322	2	1	F	0.43	1.85973940695853	gain	488447
PD62043a	14	22488500	106874913	1	1	F	0.43	1.85973940695853	neutral	84386414
PD62043a	15	19964758	101849544	1	1	F	0.43	1.85973940695853	neutral	81884787
PD62043a	16	47541	90094880	1	1	F	0.43	1.85973940695853	neutral	90047340
PD62043a	17	156187	22567587	1	0	F	0.43	1.85973940695853	loss	22411401
PD62043a	17	27293970	34962071	1	1	F	0.43	1.85973940695853	neutral	7668102
PD62043a	17	34962527	37019114	1	0	F	0.43	1.85973940695853	loss	2056588
PD62043a	17	37020918	40193500	1	1	F	0.43	1.85973940695853	neutral	3172583
PD62043a	17	40193646	59197764	1	0	F	0.43	1.85973940695853	loss	19004119
PD62043a	17	59201733	83135759	1	1	F	0.43	1.85973940695853	neutral	23934027
PD62043a	18	120645	15006053	1	1	F	0.43	1.85973940695853	neutral	14885409
PD62043a	18	20954783	80202756	1	0	F	0.43	1.85973940695853	loss	59247974
PD62043a	19	281468	58572521	1	1	F	0.43	1.85973940695853	neutral	58291054
PD62043a	20	87623	64273492	1	1	F	0.43	1.85973940695853	neutral	64185870
PD62043a	21	9068512	46664392	1	1	F	0.43	1.85973940695853	neutral	37595881
PD62043a	22	16572142	50780662	1	0	F	0.43	1.85973940695853	loss	34208521
PD62043a	X	284193	57909817	1	1	F	0.43	1.85973940695853	neutral	57625625
PD62043a	X	63299465	156005413	1	0	F	0.43	1.85973940695853	loss	92705949
PD62046a	1	826681	152220502	1	1	M	0.8	2.35758533013604	neutral	151393822
PD62046a	1	152220573	152515302	2	1	M	0.8	2.35758533013604	gain	294730
PD62046a	1	152515434	248918428	1	1	M	0.8	2.35758533013604	neutral	96402995
PD62046a	2	41393	242004549	1	1	M	0.8	2.35758533013604	neutral	241963157
PD62046a	3	197937	93898589	2	1	M	0.8	2.35758533013604	gain	93700653
PD62046a	3	93900833	93927365	3	0	M	0.8	2.35758533013604	gain	26533
PD62046a	3	93973643	97915621	2	0	M	0.8	2.35758533013604	neutral	3941979
PD62046a	3	97933004	97961578	1	0	M	0.8	2.35758533013604	loss	28575
PD62046a	3	97967175	108469908	1	1	M	0.8	2.35758533013604	neutral	10502734
PD62046a	3	108470146	108557243	2	0	M	0.8	2.35758533013604	neutral	87098
PD62046a	3	108557292	109494111	2	1	M	0.8	2.35758533013604	gain	936820
PD62046a	3	109494244	198038561	1	1	M	0.8	2.35758533013604	neutral	88544318
PD62046a	4	85813	190025891	1	1	M	0.8	2.35758533013604	neutral	189940079
PD62046a	5	140238	52788531	2	0	M	0.8	2.35758533013604	neutral	52648294
PD62046a	5	52788607	140788673	1	0	M	0.8	2.35758533013604	loss	88000067
PD62046a	5	140788706	141345329	2	0	M	0.8	2.35758533013604	neutral	556624
PD62046a	5	141346158	181260906	1	0	M	0.8	2.35758533013604	loss	39914749
PD62046a	6	203397	25983213	2	1	M	0.8	2.35758533013604	gain	25779817
PD62046a	6	25983549	26285437	1	0	M	0.8	2.35758533013604	loss	301889
PD62046a	6	26285455	26463432	2	1	M	0.8	2.35758533013604	gain	177978
PD62046a	6	26463550	27472365	3	0	M	0.8	2.35758533013604	gain	1008816
PD62046a	6	27807473	27838179	1	1	M	0.8	2.35758533013604	neutral	30707
PD62046a	6	27838197	27893904	1	0	M	0.8	2.35758533013604	loss	55708
PD62046a	6	27911277	32832787	2	1	M	0.8	2.35758533013604	gain	4921511
PD62046a	6	32835161	32937525	1	1	M	0.8	2.35758533013604	neutral	102365
PD62046a	6	32938451	61813841	2	1	M	0.8	2.35758533013604	gain	28875391
PD62046a	6	61814108	62286015	1	1	M	0.8	2.35758533013604	neutral	471908
PD62046a	6	63211537	63744920	1	0	M	0.8	2.35758533013604	loss	533384
PD62046a	6	63778108	170584376	2	1	M	0.8	2.35758533013604	gain	106806269
PD62046a	7	193222	159233344	2	1	M	0.8	2.35758533013604	gain	159040123
PD62046a	8	232977	145054093	2	1	M	0.8	2.35758533013604	gain	144821117
PD62046a	9	154795	138177194	2	2	M	0.8	2.35758533013604	gain	138022400
PD62046a	10	49134	38117802	2	1	M	0.8	2.35758533013604	gain	38068669
PD62046a	10	38118591	122570067	2	0	M	0.8	2.35758533013604	neutral	84451477
PD62046a	10	122570156	122836161	3	0	M	0.8	2.35758533013604	gain	266006
PD62046a	10	122836290	133420171	2	1	M	0.8	2.35758533013604	gain	10583882
PD62046a	10	133454128	133625894	3	1	M	0.8	2.35758533013604	gain	171767
PD62046a	11	197291	134986843	2	0	M	0.8	2.35758533013604	neutral	134789553
PD62046a	12	66973	39764641	2	0	M	0.8	2.35758533013604	neutral	39697669
PD62046a	12	39764709	48905046	1	0	M	0.8	2.35758533013604	loss	9140338
PD62046a	12	48914390	52077279	2	0	M	0.8	2.35758533013604	neutral	3162890
PD62046a	12	52171265	52520141	3	0	M	0.8	2.35758533013604	gain	348877
PD62046a	12	52520187	133234349	2	0	M	0.8	2.35758533013604	neutral	80714163
PD62046a	13	19026300	114325924	2	1	M	0.8	2.35758533013604	gain	95299625
PD62046a	14	19733402	19748102	2	1	M	0.8	2.35758533013604	gain	14701
PD62046a	14	19748139	20033950	3	1	M	0.8	2.35758533013604	gain	285812
PD62046a	14	20033961	94242431	2	1	M	0.8	2.35758533013604	gain	74208471
PD62046a	14	94244612	106874913	2	0	M	0.8	2.35758533013604	neutral	12630302
PD62046a	15	19964758	101849608	1	1	M	0.8	2.35758533013604	neutral	81884851
PD62046a	16	47354	90094793	1	1	M	0.8	2.35758533013604	neutral	90047440
PD62046a	17	156162	41364996	2	0	M	0.8	2.35758533013604	neutral	41208835
PD62046a	17	41365036	41467244	3	0	M	0.8	2.35758533013604	gain	102209
PD62046a	17	41467260	83135759	2	0	M	0.8	2.35758533013604	neutral	41668500
PD62046a	18	120645	80202756	1	0	M	0.8	2.35758533013604	loss	80082112
PD62046a	19	281376	8858668	2	1	M	0.8	2.35758533013604	gain	8577293
PD62046a	19	8860899	9102350	3	1	M	0.8	2.35758533013604	gain	241452
PD62046a	19	9102403	35106886	2	1	M	0.8	2.35758533013604	gain	26004484
PD62046a	19	35111110	35142697	1	1	M	0.8	2.35758533013604	neutral	31588
PD62046a	19	35142731	37885190	2	1	M	0.8	2.35758533013604	gain	2742460
PD62046a	19	37885345	51125894	1	1	M	0.8	2.35758533013604	neutral	13240550
PD62046a	19	51126144	51337252	2	1	M	0.8	2.35758533013604	gain	211109
PD62046a	19	51337325	51337325	2	0	M	0.8	2.35758533013604	neutral	1
PD62046a	19	51337557	58572521	1	1	M	0.8	2.35758533013604	neutral	7234965
PD62046a	20	87623	33238110	3	1	M	0.8	2.35758533013604	gain	33150488
PD62046a	20	33238221	33396793	4	1	M	0.8	2.35758533013604	gain	158573
PD62046a	20	33396842	64273492	3	1	M	0.8	2.35758533013604	gain	30876651
PD62046a	21	9068512	13372964	2	1	M	0.8	2.35758533013604	gain	4304453
PD62046a	21	13373123	46664533	2	0	M	0.8	2.35758533013604	neutral	33291411
PD62046a	22	16572142	50780662	2	0	M	0.8	2.35758533013604	neutral	34208521
PD62046a	X	284193	2782048	4	0	M	0.8	2.35758533013604	gain	2497856
PD62046a	X	2782116	155545046	2	0	M	0.8	2.35758533013604	gain	152762931
PD62046a	X	155773979	155898177	5	0	M	0.8	2.35758533013604	gain	124199
PD62046a	X	155898234	156005528	4	0	M	0.8	2.35758533013604	gain	107295
PD62047a	1	69511	248918428	1	1	M	0.62	1.98580998022483	neutral	248848918
PD62047a	2	41404	242004549	1	1	M	0.62	1.98580998022483	neutral	241963146
PD62047a	3	197630	198038561	1	1	M	0.62	1.98580998022483	neutral	197840932
PD62047a	4	85813	190025891	1	1	M	0.62	1.98580998022483	neutral	189940079
PD62047a	5	140238	98773952	1	1	M	0.62	1.98580998022483	neutral	98633715
PD62047a	5	98774008	181260906	2	0	M	0.62	1.98580998022483	neutral	82486899
PD62047a	6	203397	170584376	1	1	M	0.62	1.98580998022483	neutral	170380980
PD62047a	7	193222	100952010	1	1	M	0.62	1.98580998022483	neutral	100758789
PD62047a	7	100952551	101051595	2	1	M	0.62	1.98580998022483	gain	99045
PD62047a	7	101051672	159233344	1	1	M	0.62	1.98580998022483	neutral	58181673
PD62047a	8	232977	145054093	1	1	M	0.62	1.98580998022483	neutral	144821117
PD62047a	9	154795	138177317	1	1	M	0.62	1.98580998022483	neutral	138022523
PD62047a	10	49134	133625894	1	1	M	0.62	1.98580998022483	neutral	133576761
PD62047a	11	197291	134986843	1	1	M	0.62	1.98580998022483	neutral	134789553
PD62047a	12	66973	133234349	1	1	M	0.62	1.98580998022483	neutral	133167377
PD62047a	13	19026335	114325924	1	1	M	0.62	1.98580998022483	neutral	95299590
PD62047a	14	19097460	106874913	1	1	M	0.62	1.98580998022483	neutral	87777454
PD62047a	15	19964758	101849608	1	1	M	0.62	1.98580998022483	neutral	81884851
PD62047a	16	47541	90094866	1	1	M	0.62	1.98580998022483	neutral	90047326
PD62047a	17	156162	83135891	1	1	M	0.62	1.98580998022483	neutral	82979730
PD62047a	18	120645	80202756	1	1	M	0.62	1.98580998022483	neutral	80082112
PD62047a	19	281383	58572521	1	1	M	0.62	1.98580998022483	neutral	58291139
PD62047a	20	87623	64273492	1	1	M	0.62	1.98580998022483	neutral	64185870
PD62047a	21	9068512	46664392	1	1	M	0.62	1.98580998022483	neutral	37595881
PD62047a	22	16572142	50780662	1	1	M	0.62	1.98580998022483	neutral	34208521
PD62047a	X	284193	2320795	1	1	M	0.62	1.98580998022483	gain	2036603
PD62047a	X	2392422	155524613	1	0	M	0.62	1.98580998022483	neutral	153132192
PD62047a	X	155773979	155898177	3	0	M	0.62	1.98580998022483	gain	124199
PD62047a	X	155898234	156005413	2	0	M	0.62	1.98580998022483	gain	107180
PD62049a	1	826681	32162317	1	0	F	0.76	1.7686886400718	loss	31335637
PD62049a	1	32163185	32192472	2	0	F	0.76	1.7686886400718	neutral	29288
PD62049a	1	32193068	32485036	1	0	F	0.76	1.7686886400718	loss	291969
PD62049a	1	32485075	36140001	1	1	F	0.76	1.7686886400718	neutral	3654927
PD62049a	1	36149144	36176548	1	0	F	0.76	1.7686886400718	loss	27405
PD62049a	1	36176573	36179048	1	1	F	0.76	1.7686886400718	neutral	2476
PD62049a	1	36179182	36880731	1	0	F	0.76	1.7686886400718	loss	701550
PD62049a	1	36880827	37832349	1	1	F	0.76	1.7686886400718	neutral	951523
PD62049a	1	37834818	38839537	1	0	F	0.76	1.7686886400718	loss	1004720
PD62049a	1	38839731	39853824	1	1	F	0.76	1.7686886400718	neutral	1014094
PD62049a	1	39853915	40301754	2	1	F	0.76	1.7686886400718	gain	447840
PD62049a	1	40301803	40457347	3	0	F	0.76	1.7686886400718	gain	155545
PD62049a	1	40457461	46696576	1	1	F	0.76	1.7686886400718	neutral	6239116
PD62049a	1	46716233	74706254	1	0	F	0.76	1.7686886400718	loss	27990022
PD62049a	1	74706317	75137116	2	0	F	0.76	1.7686886400718	neutral	430800
PD62049a	1	75137202	78937798	1	0	F	0.76	1.7686886400718	loss	3800597
PD62049a	1	78938065	114622956	1	1	F	0.76	1.7686886400718	neutral	35684892
PD62049a	1	114623648	114677811	1	0	F	0.76	1.7686886400718	loss	54164
PD62049a	1	114677902	152155724	1	1	F	0.76	1.7686886400718	neutral	37477823
PD62049a	1	152155736	153299209	1	0	F	0.76	1.7686886400718	loss	1143474
PD62049a	1	153299237	155957961	1	1	F	0.76	1.7686886400718	neutral	2658725
PD62049a	1	155958282	156176878	2	2	F	0.76	1.7686886400718	gain	218597
PD62049a	1	156176898	182385957	1	1	F	0.76	1.7686886400718	neutral	26209060
PD62049a	1	182386469	182672891	1	0	F	0.76	1.7686886400718	loss	286423
PD62049a	1	182794332	196340393	1	1	F	0.76	1.7686886400718	neutral	13546062
PD62049a	1	196340570	196984036	1	0	F	0.76	1.7686886400718	loss	643467
PD62049a	1	196984037	203150765	1	1	F	0.76	1.7686886400718	neutral	6166729
PD62049a	1	203165113	248918428	1	0	F	0.76	1.7686886400718	loss	45753316
PD62049a	2	41393	11458429	1	1	F	0.76	1.7686886400718	neutral	11417037
PD62049a	2	11465675	11591320	1	0	F	0.76	1.7686886400718	loss	125646
PD62049a	2	11591384	20685710	1	1	F	0.76	1.7686886400718	neutral	9094327
PD62049a	2	20686946	21029501	1	0	F	0.76	1.7686886400718	loss	342556
PD62049a	2	21029505	88691804	1	1	F	0.76	1.7686886400718	neutral	67662300
PD62049a	2	88692002	88861407	2	1	F	0.76	1.7686886400718	gain	169406
PD62049a	2	88861410	151617491	1	1	F	0.76	1.7686886400718	neutral	62756082
PD62049a	2	151618263	151973691	1	0	F	0.76	1.7686886400718	loss	355429
PD62049a	2	152098471	166047815	1	1	F	0.76	1.7686886400718	neutral	13949345
PD62049a	2	166047836	166444849	1	0	F	0.76	1.7686886400718	loss	397014
PD62049a	2	166444976	169128854	1	1	F	0.76	1.7686886400718	neutral	2683879
PD62049a	2	169128868	169233629	1	0	F	0.76	1.7686886400718	loss	104762
PD62049a	2	169235885	173266333	1	1	F	0.76	1.7686886400718	neutral	4030449
PD62049a	2	173266394	174453862	2	1	F	0.76	1.7686886400718	gain	1187469
PD62049a	2	174459987	174468904	1	0	F	0.76	1.7686886400718	loss	8918
PD62049a	2	174469004	174585641	2	0	F	0.76	1.7686886400718	neutral	116638
PD62049a	2	174585713	175114956	1	0	F	0.76	1.7686886400718	loss	529244
PD62049a	2	175118152	175995609	2	1	F	0.76	1.7686886400718	gain	877458
PD62049a	2	175995662	178619624	1	1	F	0.76	1.7686886400718	neutral	2623963
PD62049a	2	178619737	178722403	1	0	F	0.76	1.7686886400718	loss	102667
PD62049a	2	178722614	192179643	1	1	F	0.76	1.7686886400718	neutral	13457030
PD62049a	2	192184295	196225887	2	1	F	0.76	1.7686886400718	gain	4041593
PD62049a	2	196225928	215361656	1	1	F	0.76	1.7686886400718	neutral	19135729
PD62049a	2	215361670	218165284	1	0	F	0.76	1.7686886400718	loss	2803615
PD62049a	2	218217396	242004549	1	1	F	0.76	1.7686886400718	neutral	23787154
PD62049a	3	197664	13819460	1	1	F	0.76	1.7686886400718	neutral	13621797
PD62049a	3	13854384	14064052	1	0	F	0.76	1.7686886400718	loss	209669
PD62049a	3	14064107	63846287	1	1	F	0.76	1.7686886400718	neutral	49782181
PD62049a	3	63912590	64198922	2	1	F	0.76	1.7686886400718	gain	286333
PD62049a	3	64198990	64594459	1	0	F	0.76	1.7686886400718	loss	395470
PD62049a	3	64594493	107928023	1	1	F	0.76	1.7686886400718	neutral	43333531
PD62049a	3	107928048	111953978	2	1	F	0.76	1.7686886400718	gain	4025931
PD62049a	3	111954014	112063511	1	1	F	0.76	1.7686886400718	neutral	109498
PD62049a	3	112063529	112581359	2	1	F	0.76	1.7686886400718	gain	517831
PD62049a	3	112582825	130718421	1	1	F	0.76	1.7686886400718	neutral	18135597
PD62049a	3	130723382	130930533	2	1	F	0.76	1.7686886400718	gain	207152
PD62049a	3	130932156	138024666	1	1	F	0.76	1.7686886400718	neutral	7092511
PD62049a	3	138029676	138304899	1	0	F	0.76	1.7686886400718	loss	275224
PD62049a	3	138304942	150686355	1	1	F	0.76	1.7686886400718	neutral	12381414
PD62049a	3	150698871	150883757	2	1	F	0.76	1.7686886400718	gain	184887
PD62049a	3	150885296	151881605	1	0	F	0.76	1.7686886400718	loss	996310
PD62049a	3	152268473	169381221	1	1	F	0.76	1.7686886400718	neutral	17112749
PD62049a	3	169381262	169969439	2	2	F	0.76	1.7686886400718	gain	588178
PD62049a	3	169969448	170392359	2	1	F	0.76	1.7686886400718	gain	422912
PD62049a	3	170419356	170708171	1	0	F	0.76	1.7686886400718	loss	288816
PD62049a	3	170708176	198038561	1	1	F	0.76	1.7686886400718	neutral	27330386
PD62049a	4	85813	190025891	1	0	F	0.76	1.7686886400718	loss	189940079
PD62049a	5	140238	45695833	1	0	F	0.76	1.7686886400718	loss	45555596
PD62049a	5	45695893	50402346	3	0	F	0.76	1.7686886400718	gain	4706454
PD62049a	5	50402392	65452083	1	0	F	0.76	1.7686886400718	loss	15049692
PD62049a	5	65452291	65518478	0	0	F	0.76	1.7686886400718	loss	66188
PD62049a	5	65521464	139682814	1	0	F	0.76	1.7686886400718	loss	74161351
PD62049a	5	139809425	140042647	0	0	F	0.76	1.7686886400718	loss	233223
PD62049a	5	140043017	148088674	1	0	F	0.76	1.7686886400718	loss	8045658
PD62049a	5	148089051	148171005	2	0	F	0.76	1.7686886400718	neutral	81955
PD62049a	5	148171155	181260906	1	0	F	0.76	1.7686886400718	loss	33089752
PD62049a	6	203397	72398175	1	1	F	0.76	1.7686886400718	neutral	72194779
PD62049a	6	72398457	73241666	1	0	F	0.76	1.7686886400718	loss	843210
PD62049a	6	73242380	109254727	1	1	F	0.76	1.7686886400718	neutral	36012348
PD62049a	6	109255492	109447365	2	1	F	0.76	1.7686886400718	gain	191874
PD62049a	6	109447510	119307033	1	1	F	0.76	1.7686886400718	neutral	9859524
PD62049a	6	119331821	123259763	2	1	F	0.76	1.7686886400718	gain	3927943
PD62049a	6	123259788	132770207	1	1	F	0.76	1.7686886400718	neutral	9510420
PD62049a	6	132770376	135852041	2	1	F	0.76	1.7686886400718	gain	3081666
PD62049a	6	135947599	136191883	1	0	F	0.76	1.7686886400718	loss	244285
PD62049a	6	136231415	136720695	2	2	F	0.76	1.7686886400718	gain	489281
PD62049a	6	136791603	138696678	2	1	F	0.76	1.7686886400718	gain	1905076
PD62049a	6	138696695	151430277	1	1	F	0.76	1.7686886400718	neutral	12733583
PD62049a	6	151433138	152472277	1	0	F	0.76	1.7686886400718	loss	1039140
PD62049a	6	152472437	170584376	1	1	F	0.76	1.7686886400718	neutral	18111940
PD62049a	7	193222	4245850	1	1	F	0.76	1.7686886400718	neutral	4052629
PD62049a	7	4245890	4268834	1	0	F	0.76	1.7686886400718	loss	22945
PD62049a	7	4451184	100960738	1	1	F	0.76	1.7686886400718	neutral	96509555
PD62049a	7	100960786	101017732	2	1	F	0.76	1.7686886400718	gain	56947
PD62049a	7	101018507	138597145	1	1	F	0.76	1.7686886400718	neutral	37578639
PD62049a	7	138597161	138868191	1	0	F	0.76	1.7686886400718	loss	271031
PD62049a	7	138869597	159233344	1	1	F	0.76	1.7686886400718	neutral	20363748
PD62049a	8	232977	115623501	1	1	F	0.76	1.7686886400718	neutral	115390525
PD62049a	8	115623715	145054093	2	1	F	0.76	1.7686886400718	gain	29430379
PD62049a	9	154795	8636909	2	1	F	0.76	1.7686886400718	gain	8482115
PD62049a	9	8733833	18889585	1	0	F	0.76	1.7686886400718	loss	10155753
PD62049a	9	18889760	19033060	0	0	F	0.76	1.7686886400718	loss	143301
PD62049a	9	19049598	42796064	1	0	F	0.76	1.7686886400718	loss	23746467
PD62049a	9	62801194	122567961	1	1	F	0.76	1.7686886400718	neutral	59766768
PD62049a	9	122568046	122801177	1	0	F	0.76	1.7686886400718	loss	233132
PD62049a	9	122820187	133515673	1	1	F	0.76	1.7686886400718	neutral	10695487
PD62049a	9	133518786	134824477	1	0	F	0.76	1.7686886400718	loss	1305692
PD62049a	9	134824540	138177328	1	1	F	0.76	1.7686886400718	neutral	3352789
PD62049a	10	49092	89738561	1	1	F	0.76	1.7686886400718	neutral	89689470
PD62049a	10	89738869	89762848	2	1	F	0.76	1.7686886400718	gain	23980
PD62049a	10	89762896	93374784	1	1	F	0.76	1.7686886400718	neutral	3611889
PD62049a	10	93374832	93600623	2	1	F	0.76	1.7686886400718	gain	225792
PD62049a	10	93600639	113877007	1	1	F	0.76	1.7686886400718	neutral	20276369
PD62049a	10	113877028	114285997	2	1	F	0.76	1.7686886400718	gain	408970
PD62049a	10	114286036	133625894	1	1	F	0.76	1.7686886400718	neutral	19339859
PD62049a	11	197291	1082278	1	1	F	0.76	1.7686886400718	neutral	884988
PD62049a	11	1082293	1110612	2	1	F	0.76	1.7686886400718	gain	28320
PD62049a	11	1157890	59212828	1	1	F	0.76	1.7686886400718	neutral	58054939
PD62049a	11	59212905	59593752	1	0	F	0.76	1.7686886400718	loss	380848
PD62049a	11	59594000	59859331	2	1	F	0.76	1.7686886400718	gain	265332
PD62049a	11	59861633	64651667	1	1	F	0.76	1.7686886400718	neutral	4790035
PD62049a	11	64651745	66276197	1	0	F	0.76	1.7686886400718	loss	1624453
PD62049a	11	66276248	114312211	1	1	F	0.76	1.7686886400718	neutral	48035964
PD62049a	11	114391735	114698665	2	2	F	0.76	1.7686886400718	gain	306931
PD62049a	11	114698723	121629437	1	1	F	0.76	1.7686886400718	neutral	6930715
PD62049a	11	122099650	122656058	1	0	F	0.76	1.7686886400718	loss	556409
PD62049a	11	122656113	134986843	1	1	F	0.76	1.7686886400718	neutral	12330731
PD62049a	12	66973	7479799	1	1	F	0.76	1.7686886400718	neutral	7412827
PD62049a	12	7479937	7487109	1	0	F	0.76	1.7686886400718	loss	7173
PD62049a	12	7487483	7770124	1	1	F	0.76	1.7686886400718	neutral	282642
PD62049a	12	7774015	9304266	1	0	F	0.76	1.7686886400718	loss	1530252
PD62049a	12	9309930	80539955	1	1	F	0.76	1.7686886400718	neutral	71230026
PD62049a	12	80541521	80841923	1	0	F	0.76	1.7686886400718	loss	300403
PD62049a	12	80845694	133234349	1	1	F	0.76	1.7686886400718	neutral	52388656
PD62049a	13	19026300	114325924	1	1	F	0.76	1.7686886400718	neutral	95299625
PD62049a	14	19733402	93332805	1	1	F	0.76	1.7686886400718	neutral	73599404
PD62049a	14	93332875	94768909	1	0	F	0.76	1.7686886400718	loss	1436035
PD62049a	14	94769021	106874913	1	1	F	0.76	1.7686886400718	neutral	12105893
PD62049a	15	19964758	24954924	1	1	F	0.76	1.7686886400718	neutral	4990167
PD62049a	15	24954958	25278558	1	0	F	0.76	1.7686886400718	loss	323601
PD62049a	15	25339138	29106578	1	1	F	0.76	1.7686886400718	neutral	3767441
PD62049a	15	29106598	29269087	1	0	F	0.76	1.7686886400718	loss	162490
PD62049a	15	29269134	48411323	1	1	F	0.76	1.7686886400718	neutral	19142190
PD62049a	15	48411479	48612915	1	0	F	0.76	1.7686886400718	loss	201437
PD62049a	15	48644614	52295749	1	1	F	0.76	1.7686886400718	neutral	3651136
PD62049a	15	52313664	52330402	1	0	F	0.76	1.7686886400718	loss	16739
PD62049a	15	52336388	71780464	1	1	F	0.76	1.7686886400718	neutral	19444077
PD62049a	15	71780647	72218941	2	1	F	0.76	1.7686886400718	gain	438295
PD62049a	15	72218969	101849608	1	1	F	0.76	1.7686886400718	neutral	29630640
PD62049a	16	47354	19298869	1	1	F	0.76	1.7686886400718	neutral	19251516
PD62049a	16	19298897	19608209	2	1	F	0.76	1.7686886400718	gain	309313
PD62049a	16	19609034	20040801	1	1	F	0.76	1.7686886400718	neutral	431768
PD62049a	16	20073395	20682341	1	0	F	0.76	1.7686886400718	loss	608947
PD62049a	16	20682540	35448034	1	1	F	0.76	1.7686886400718	neutral	14765495
PD62049a	16	46474402	47698565	1	0	F	0.76	1.7686886400718	loss	1224164
PD62049a	16	48083712	48144023	0	0	F	0.76	1.7686886400718	loss	60312
PD62049a	16	48146287	90094880	1	0	F	0.76	1.7686886400718	loss	41948594
PD62049a	17	156162	8393065	2	0	F	0.76	1.7686886400718	neutral	8236904
PD62049a	17	8393122	10315927	1	0	F	0.76	1.7686886400718	loss	1922806
PD62049a	17	10316002	21178323	2	0	F	0.76	1.7686886400718	neutral	10862322
PD62049a	17	21184302	41101789	1	0	F	0.76	1.7686886400718	loss	19917488
PD62049a	17	41101818	41424481	0	0	F	0.76	1.7686886400718	loss	322664
PD62049a	17	41424487	48363770	1	0	F	0.76	1.7686886400718	loss	6939284
PD62049a	17	48363838	48530668	2	0	F	0.76	1.7686886400718	neutral	166831
PD62049a	17	48530751	50356812	1	0	F	0.76	1.7686886400718	loss	1826062
PD62049a	17	50357156	50863061	2	0	F	0.76	1.7686886400718	neutral	505906
PD62049a	17	50863422	83135891	1	0	F	0.76	1.7686886400718	loss	32272470
PD62049a	18	117381	80202756	1	0	F	0.76	1.7686886400718	loss	80085376
PD62049a	19	281325	21767377	1	1	F	0.76	1.7686886400718	neutral	21486053
PD62049a	19	21767479	23145630	1	0	F	0.76	1.7686886400718	loss	1378152
PD62049a	19	23145906	44236288	1	1	F	0.76	1.7686886400718	neutral	21090383
PD62049a	19	44236449	44397076	1	0	F	0.76	1.7686886400718	loss	160628
PD62049a	19	44397109	58572521	1	1	F	0.76	1.7686886400718	neutral	14175413
PD62049a	20	87623	23035534	1	1	F	0.76	1.7686886400718	neutral	22947912
PD62049a	20	23035696	23365864	1	0	F	0.76	1.7686886400718	loss	330169
PD62049a	20	23365878	64273492	1	1	F	0.76	1.7686886400718	neutral	40907615
PD62049a	21	9068512	46664523	1	1	F	0.76	1.7686886400718	neutral	37596012
PD62049a	22	16572142	50780662	1	1	F	0.76	1.7686886400718	neutral	34208521
PD62049a	X	284193	57910069	1	0	F	0.76	1.7686886400718	loss	57625877
PD62049a	X	63299368	65739740	2	0	F	0.76	1.7686886400718	neutral	2440373
PD62049a	X	66018891	66600153	3	0	F	0.76	1.7686886400718	gain	581263
PD62049a	X	66602560	156005528	1	0	F	0.76	1.7686886400718	loss	89402969
PD62051a	1	826681	248918428	2	2	F	0.24	5.44708139536945	loss	248091748
PD62051a	2	41404	242004549	3	3	F	0.24	5.44708139536945	gain	241963146
PD62051a	3	197664	20170735	4	0	F	0.24	5.44708139536945	loss	19973072
PD62051a	3	20171035	64541599	3	3	F	0.24	5.44708139536945	gain	44370565
PD62051a	3	64541645	198038561	4	0	F	0.24	5.44708139536945	loss	133496917
PD62051a	4	85813	190025891	4	0	F	0.24	5.44708139536945	loss	189940079
PD62051a	5	140238	141526200	4	0	F	0.24	5.44708139536945	loss	141385963
PD62051a	5	141527508	157335062	3	0	F	0.24	5.44708139536945	loss	15807555
PD62051a	5	157335063	181260906	4	0	F	0.24	5.44708139536945	loss	23925844
PD62051a	6	203397	32816899	3	2	F	0.24	5.44708139536945	neutral	32613503
PD62051a	6	32816976	34035584	2	2	F	0.24	5.44708139536945	loss	1218609
PD62051a	6	34035626	170584376	3	3	F	0.24	5.44708139536945	gain	136548751
PD62051a	7	193222	57469898	3	3	F	0.24	5.44708139536945	gain	57276677
PD62051a	7	63449933	124858949	4	3	F	0.24	5.44708139536945	gain	61409017
PD62051a	7	124859158	159233344	4	0	F	0.24	5.44708139536945	loss	34374187
PD62051a	8	232977	132906961	6	0	F	0.24	5.44708139536945	gain	132673985
PD62051a	8	132907008	133133427	2	0	F	0.24	5.44708139536945	loss	226420
PD62051a	8	133191030	145054093	6	0	F	0.24	5.44708139536945	gain	11863064
PD62051a	9	154795	83978013	3	3	F	0.24	5.44708139536945	gain	83823219
PD62051a	9	83978162	138177194	6	2	F	0.24	5.44708139536945	gain	54199033
PD62051a	10	49134	42614191	6	2	F	0.24	5.44708139536945	gain	42565058
PD62051a	10	42623569	133625894	2	2	F	0.24	5.44708139536945	loss	91002326
PD62051a	11	197291	93408306	6	0	F	0.24	5.44708139536945	gain	93211016
PD62051a	11	93408414	117138331	4	0	F	0.24	5.44708139536945	loss	23729918
PD62051a	11	117144473	134986843	5	0	F	0.24	5.44708139536945	neutral	17842371
PD62051a	12	66973	133234349	2	2	F	0.24	5.44708139536945	loss	133167377
PD62051a	13	19026300	114325924	7	3	F	0.24	5.44708139536945	gain	95299625
PD62051a	14	19097559	22065775	4	0	F	0.24	5.44708139536945	loss	2968217
PD62051a	14	22065877	22492859	9	2	F	0.24	5.44708139536945	gain	426983
PD62051a	14	22492867	105970810	4	0	F	0.24	5.44708139536945	loss	83477944
PD62051a	14	105970988	106874913	2	0	F	0.24	5.44708139536945	loss	903926
PD62051a	15	19964758	22225178	5	0	F	0.24	5.44708139536945	neutral	2260421
PD62051a	15	22225217	101849544	2	2	F	0.24	5.44708139536945	loss	79624328
PD62051a	16	47541	35448034	3	3	F	0.24	5.44708139536945	gain	35400494
PD62051a	16	46474402	90094900	6	2	F	0.24	5.44708139536945	gain	43620499
PD62051a	17	156162	83135891	6	0	F	0.24	5.44708139536945	gain	82979730
PD62051a	18	120645	80202756	2	2	F	0.24	5.44708139536945	loss	80082112
PD62051a	19	281360	58572521	3	3	F	0.24	5.44708139536945	gain	58291162
PD62051a	20	87623	64273492	8	4	F	0.24	5.44708139536945	gain	64185870
PD62051a	21	9068512	44551474	3	3	F	0.24	5.44708139536945	gain	35482963
PD62051a	21	44551476	46664392	2	2	F	0.24	5.44708139536945	loss	2112917
PD62051a	22	16572142	50780662	2	2	F	0.24	5.44708139536945	loss	34208521
PD62051a	X	284193	153783893	4	0	F	0.24	5.44708139536945	loss	153499701
PD62051a	X	153783899	156005413	3	0	F	0.24	5.44708139536945	loss	2221515
