sanger_dna_id	group	TP53_status	cn_cluster	cn_proportion
PD62027c	Progressor	WT	NA	0.0471633353877914
PD62028c	Progressor	Mut	NA	0.631339990737457
PD62029d	Progressor	WT	NA	0.340734123077604
PD62030d	Progressor	WT	NA	0.00294259545165122
PD62031c	Progressor	WT	NA	0.263359993124545
PD62033d	Progressor	WT	NA	0.0501927725262181
PD62034c	Progressor	Mut	NA	0.280486008990438
PD62036c	Progressor	Mut	NA	0.306379763455918
PD62037d	Progressor	Mut	NA	0.239059215239539
PD62037e	Progressor	Mut	NA	0.608311701098853
PD62038d	Progressor	WT	NA	0.274104775142896
PD62038e	Progressor	WT	NA	0.00490985587590804
PD62039c	Progressor	Mut	NA	0.568578709811339
PD62040c	Progressor	Mut	NA	0.194678712471815
PD62041d	Progressor	Mut	NA	0.245868984054319
PD62042c	Progressor	Mut	NA	0.834977839098359
PD62045a	Progressor	WT	NA	0.020864962548018
PD62045c	Progressor	WT	NA	0.0114950091846227
PD62046c	Progressor	Mut	NA	0.380079664618882
PD62047h	Progressor	Mut	NA	0.753447330030132
PD62048a	Progressor	WT	NA	0.227933716245509
PD62051c	Progressor	Mut	NA	0.612326772689644
PD62052c	Non-progressor	WT	NA	9.2565318495291e-4
PD62053c	Non-progressor	WT	NA	0.00143525584224642
PD62057c	Non-progressor	WT	NA	0.253363257333571
PD62058c	Non-progressor	WT	NA	8.9986473639865e-4
PD62060c	Non-progressor	WT	NA	0.117740643895286
PD62064d	Non-progressor	WT	NA	9.2447356025808e-4
PD62065d	Non-progressor	WT	NA	0.050475368972239
PD62066c	Non-progressor	Mut	NA	0.324677979838275
PD62067c	Non-progressor	WT	NA	0.00981078454356796
PD62068g	Non-progressor	WT	NA	0.0145073319443607
PD62070d	Non-progressor	WT	NA	0.00137044397147502
PD62074d	Non-progressor	WT	NA	9.9234238873371e-4
PD62075d	Non-progressor	WT	NA	0.0991601737248972
PD62076c	Non-progressor	WT	NA	0.127559378156466
PD62078c	Non-progressor	WT	NA	9.2792782063541e-4
PD62079c	Non-progressor	WT	NA	0.00130155466986463
PD62080c	Non-progressor	WT	NA	0.0108718759024448
PD62082c	Progressor	Mut	NA	0.0010230100869511
PD62083c	Non-progressor	WT	NA	0.00126636701177753
