Sample	gain_loss	neutral	proportion	p53	VAF_tum
PD62027c	138700760	2802159102	0.0471633353877914	WT	NA
PD62028c	1830480156	1068877057	0.631339990737457	Mut	0.646
PD62030d	8653271	2932040121	0.00294259545165122	WT	NA
PD62031c	768502168	2149565071	0.263359993124545	WT	NA
PD62033d	147594539	2792959082	0.0501927725262181	WT	NA
PD62034c	823818270	2113291759	0.280486008990438	Mut	0.5
PD62037d	697188058	2219194217	0.239059215239539	Mut	0.579
PD62038e	14442658	2927121894	0.00490985587590804	WT	NA
PD62039c	1668417144	1265947290	0.568578709811339	Mut	0.6
PD62045c	33806640	2907177526	0.0114950091846227	WT	NA
PD62051c	1792919603	1135124185	0.612326772689644	Mut	0.65
